split,seed,strategy,lang,S,D,I,N,records,WER,label
DEV,101,Conf,ar,1296,100,25,5325,295,26.685446009389672,EXACT_REUSE
DEV,101,Global,ar,1287,100,23,5325,295,26.47887323943662,EXACT_REUSE
DEV,101,Text,ar,1226,99,24,5325,295,25.333333333333332,EXACT_REUSE
DEV,101,Text+Global,ar,1226,99,24,5325,295,25.333333333333332,EXACT_REUSE
DEV,101,ConfDupClean,ar,1296,100,25,5325,295,26.685446009389672,POST_REVIEW_DIAGNOSTIC
DEV,101,ConfPerm,ar,1287,100,23,5325,295,26.47887323943662,POST_REVIEW_DIAGNOSTIC
DEV,101,A_Conf,ar,1294,102,24,5325,295,26.666666666666668,POST_REVIEW_DIAGNOSTIC
DEV,101,A_Global,ar,1282,102,23,5325,295,26.422535211267604,POST_REVIEW_DIAGNOSTIC
DEV,101,A_Text,ar,1229,101,24,5325,295,25.427230046948356,POST_REVIEW_DIAGNOSTIC
DEV,101,A_Text+Global,ar,1230,100,24,5325,295,25.427230046948356,POST_REVIEW_DIAGNOSTIC
DEV,101,B_Conf,ar,1287,97,33,5325,295,26.610328638497652,POST_REVIEW_DIAGNOSTIC
DEV,101,B_Global,ar,1270,96,32,5325,295,26.253521126760564,POST_REVIEW_DIAGNOSTIC
DEV,101,B_Text,ar,1182,94,25,5325,295,24.431924882629108,POST_REVIEW_DIAGNOSTIC
DEV,101,B_Text+Global,ar,1183,93,24,5325,295,24.413145539906104,POST_REVIEW_DIAGNOSTIC
DEV,101,Conf,fa,2124,345,438,8170,369,35.58139534883721,EXACT_REUSE
DEV,101,Global,fa,2124,351,435,8170,369,35.618115055079556,EXACT_REUSE
DEV,101,Text,fa,2018,346,355,8170,369,33.280293757649936,EXACT_REUSE
DEV,101,Text+Global,fa,2025,346,353,8170,369,33.34149326805385,EXACT_REUSE
DEV,101,ConfDupClean,fa,2124,345,438,8170,369,35.58139534883721,POST_REVIEW_DIAGNOSTIC
DEV,101,ConfPerm,fa,2124,351,435,8170,369,35.618115055079556,POST_REVIEW_DIAGNOSTIC
DEV,101,A_Conf,fa,2139,353,435,8170,369,35.82619339045288,POST_REVIEW_DIAGNOSTIC
DEV,101,A_Global,fa,2133,355,434,8170,369,35.76499388004896,POST_REVIEW_DIAGNOSTIC
DEV,101,A_Text,fa,2030,341,433,8170,369,34.32068543451653,POST_REVIEW_DIAGNOSTIC
DEV,101,A_Text+Global,fa,2039,346,432,8170,369,34.479804161566705,POST_REVIEW_DIAGNOSTIC
DEV,101,B_Conf,fa,2125,328,448,8170,369,35.50795593635251,POST_REVIEW_DIAGNOSTIC
DEV,101,B_Global,fa,2123,331,453,8170,369,35.58139534883721,POST_REVIEW_DIAGNOSTIC
DEV,101,B_Text,fa,2010,320,486,8170,369,34.467564259485926,POST_REVIEW_DIAGNOSTIC
DEV,101,B_Text+Global,fa,2012,319,396,8170,369,33.378212974296204,POST_REVIEW_DIAGNOSTIC
DEV,101,Conf,pl,768,90,70,5938,338,15.628157628831257,EXACT_REUSE
DEV,101,Global,pl,759,90,70,5938,338,15.476591444930953,EXACT_REUSE
DEV,101,Text,pl,699,88,68,5938,338,14.398787470528797,EXACT_REUSE
DEV,101,Text+Global,pl,692,88,71,5938,338,14.331424722128663,EXACT_REUSE
DEV,101,ConfDupClean,pl,768,90,70,5938,338,15.628157628831257,POST_REVIEW_DIAGNOSTIC
DEV,101,ConfPerm,pl,759,90,70,5938,338,15.476591444930953,POST_REVIEW_DIAGNOSTIC
DEV,101,A_Conf,pl,771,94,67,5938,338,15.695520377231391,POST_REVIEW_DIAGNOSTIC
DEV,101,A_Global,pl,754,93,67,5938,338,15.392388009430785,POST_REVIEW_DIAGNOSTIC
DEV,101,A_Text,pl,701,87,66,5938,338,14.381946783428765,POST_REVIEW_DIAGNOSTIC
DEV,101,A_Text+Global,pl,697,89,65,5938,338,14.331424722128663,POST_REVIEW_DIAGNOSTIC
DEV,101,B_Conf,pl,758,82,87,5938,338,15.611316941731223,POST_REVIEW_DIAGNOSTIC
DEV,101,B_Global,pl,742,77,84,5938,338,15.207140451330414,POST_REVIEW_DIAGNOSTIC
DEV,101,B_Text,pl,671,70,76,5938,338,13.758841360727518,POST_REVIEW_DIAGNOSTIC
DEV,101,B_Text+Global,pl,676,72,77,5938,338,13.893566857527787,POST_REVIEW_DIAGNOSTIC
DEV,101,Conf,tr,648,83,66,5463,338,14.589053633534688,EXACT_REUSE
DEV,101,Global,tr,626,81,64,5463,338,14.113124656781988,EXACT_REUSE
DEV,101,Text,tr,579,76,64,5463,338,13.161266703276588,EXACT_REUSE
DEV,101,Text+Global,tr,581,77,63,5463,338,13.197876624565257,EXACT_REUSE
DEV,101,ConfDupClean,tr,648,83,66,5463,338,14.589053633534688,POST_REVIEW_DIAGNOSTIC
DEV,101,ConfPerm,tr,626,81,64,5463,338,14.113124656781988,POST_REVIEW_DIAGNOSTIC
DEV,101,A_Conf,tr,649,91,65,5463,338,14.735493318689365,POST_REVIEW_DIAGNOSTIC
DEV,101,A_Global,tr,627,87,63,5463,338,14.222954420647996,POST_REVIEW_DIAGNOSTIC
DEV,101,A_Text,tr,576,83,63,5463,338,13.216181585209592,POST_REVIEW_DIAGNOSTIC
DEV,101,A_Text+Global,tr,579,84,62,5463,338,13.271096467142595,POST_REVIEW_DIAGNOSTIC
DEV,101,B_Conf,tr,632,69,73,5463,338,14.168039538714991,POST_REVIEW_DIAGNOSTIC
DEV,101,B_Global,tr,620,66,78,5463,338,13.984989932271645,POST_REVIEW_DIAGNOSTIC
DEV,101,B_Text,tr,575,71,72,5463,338,13.142961742632254,POST_REVIEW_DIAGNOSTIC
DEV,101,B_Text+Global,tr,582,68,74,5463,338,13.25279150649826,POST_REVIEW_DIAGNOSTIC
DEV,101,Conf,it,495,133,56,8758,391,7.810002283626399,EXACT_REUSE
DEV,101,Global,it,492,129,54,8758,391,7.7072390956839465,EXACT_REUSE
DEV,101,Text,it,433,137,50,8758,391,7.079241836035624,EXACT_REUSE
DEV,101,Text+Global,it,442,134,49,8758,391,7.136332496003654,EXACT_REUSE
DEV,101,ConfDupClean,it,495,133,56,8758,391,7.810002283626399,POST_REVIEW_DIAGNOSTIC
DEV,101,ConfPerm,it,492,129,54,8758,391,7.7072390956839465,POST_REVIEW_DIAGNOSTIC
DEV,101,A_Conf,it,501,133,53,8758,391,7.844256679607216,POST_REVIEW_DIAGNOSTIC
DEV,101,A_Global,it,488,130,49,8758,391,7.6158940397351,POST_REVIEW_DIAGNOSTIC
DEV,101,A_Text,it,447,129,45,8758,391,7.090659968029231,POST_REVIEW_DIAGNOSTIC
DEV,101,A_Text+Global,it,446,128,43,8758,391,7.044987440054807,POST_REVIEW_DIAGNOSTIC
DEV,101,B_Conf,it,504,99,67,8758,391,7.650148435715917,POST_REVIEW_DIAGNOSTIC
DEV,101,B_Global,it,492,91,71,8758,391,7.4674583238182235,POST_REVIEW_DIAGNOSTIC
DEV,101,B_Text,it,411,124,54,8758,391,6.725279744233843,POST_REVIEW_DIAGNOSTIC
DEV,101,B_Text+Global,it,415,112,52,8758,391,6.611098424297785,POST_REVIEW_DIAGNOSTIC
DEV,202,Conf,ar,1329,95,29,5325,295,27.28638497652582,EXACT_REUSE
DEV,202,Global,ar,1311,93,28,5325,295,26.892018779342724,EXACT_REUSE
DEV,202,Text,ar,1249,87,27,5325,295,25.5962441314554,EXACT_REUSE
DEV,202,Text+Global,ar,1247,87,27,5325,295,25.558685446009388,EXACT_REUSE
DEV,202,ConfDupClean,ar,1329,95,29,5325,295,27.28638497652582,POST_REVIEW_DIAGNOSTIC
DEV,202,ConfPerm,ar,1311,93,28,5325,295,26.892018779342724,POST_REVIEW_DIAGNOSTIC
DEV,202,A_Conf,ar,1325,96,29,5325,295,27.230046948356808,POST_REVIEW_DIAGNOSTIC
DEV,202,A_Global,ar,1309,96,27,5325,295,26.892018779342724,POST_REVIEW_DIAGNOSTIC
DEV,202,A_Text,ar,1256,88,28,5325,295,25.76525821596244,POST_REVIEW_DIAGNOSTIC
DEV,202,A_Text+Global,ar,1256,87,27,5325,295,25.727699530516432,POST_REVIEW_DIAGNOSTIC
DEV,202,B_Conf,ar,1316,90,29,5325,295,26.948356807511736,POST_REVIEW_DIAGNOSTIC
DEV,202,B_Global,ar,1288,87,31,5325,295,26.4037558685446,POST_REVIEW_DIAGNOSTIC
DEV,202,B_Text,ar,1225,84,31,5325,295,25.164319248826292,POST_REVIEW_DIAGNOSTIC
DEV,202,B_Text+Global,ar,1224,84,32,5325,295,25.164319248826292,POST_REVIEW_DIAGNOSTIC
DEV,202,Conf,fa,2164,321,399,8170,369,35.299877600979194,EXACT_REUSE
DEV,202,Global,fa,2151,325,397,8170,369,35.165238678090574,EXACT_REUSE
DEV,202,Text,fa,2055,320,402,8170,369,33.99020807833537,EXACT_REUSE
DEV,202,Text+Global,fa,2054,320,400,8170,369,33.95348837209303,EXACT_REUSE
DEV,202,ConfDupClean,fa,2162,319,399,8170,369,35.250917992656056,POST_REVIEW_DIAGNOSTIC
DEV,202,ConfPerm,fa,2150,325,397,8170,369,35.152998776009795,POST_REVIEW_DIAGNOSTIC
DEV,202,A_Conf,fa,2162,328,398,8170,369,35.348837209302324,POST_REVIEW_DIAGNOSTIC
DEV,202,A_Global,fa,2150,329,394,8170,369,35.165238678090574,POST_REVIEW_DIAGNOSTIC
DEV,202,A_Text,fa,2059,320,399,8170,369,34.00244798041616,POST_REVIEW_DIAGNOSTIC
DEV,202,A_Text+Global,fa,2058,321,398,8170,369,33.99020807833537,POST_REVIEW_DIAGNOSTIC
DEV,202,B_Conf,fa,2142,302,416,8170,369,35.00611995104039,POST_REVIEW_DIAGNOSTIC
DEV,202,B_Global,fa,2127,304,416,8170,369,34.847001223990205,POST_REVIEW_DIAGNOSTIC
DEV,202,B_Text,fa,2043,303,412,8170,369,33.75764993880049,POST_REVIEW_DIAGNOSTIC
DEV,202,B_Text+Global,fa,2030,302,412,8170,369,33.58629130966952,POST_REVIEW_DIAGNOSTIC
DEV,202,Conf,pl,732,82,80,5938,338,15.055574267430112,EXACT_REUSE
DEV,202,Global,pl,718,79,80,5938,338,14.769282586729538,EXACT_REUSE
DEV,202,Text,pl,668,79,77,5938,338,13.876726170427753,EXACT_REUSE
DEV,202,Text+Global,pl,669,78,78,5938,338,13.893566857527787,EXACT_REUSE
DEV,202,ConfDupClean,pl,732,82,80,5938,338,15.055574267430112,POST_REVIEW_DIAGNOSTIC
DEV,202,ConfPerm,pl,718,79,80,5938,338,14.769282586729538,POST_REVIEW_DIAGNOSTIC
DEV,202,A_Conf,pl,729,88,80,5938,338,15.106096328730212,POST_REVIEW_DIAGNOSTIC
DEV,202,A_Global,pl,725,84,80,5938,338,14.971370831929942,POST_REVIEW_DIAGNOSTIC
DEV,202,A_Text,pl,678,83,79,5938,338,14.146177164028293,POST_REVIEW_DIAGNOSTIC
DEV,202,A_Text+Global,pl,678,81,78,5938,338,14.095655102728191,POST_REVIEW_DIAGNOSTIC
DEV,202,B_Conf,pl,730,67,85,5938,338,14.853486022229706,POST_REVIEW_DIAGNOSTIC
DEV,202,B_Global,pl,715,64,108,5938,338,14.937689457729876,POST_REVIEW_DIAGNOSTIC
DEV,202,B_Text,pl,649,60,80,5938,338,13.287302121926574,POST_REVIEW_DIAGNOSTIC
DEV,202,B_Text+Global,pl,651,60,103,5938,338,13.708319299427417,POST_REVIEW_DIAGNOSTIC
DEV,202,Conf,tr,636,85,63,5463,338,14.351089145158339,EXACT_REUSE
DEV,202,Global,tr,629,83,62,5463,338,14.168039538714991,EXACT_REUSE
DEV,202,Text,tr,569,80,58,5463,338,12.941607175544572,EXACT_REUSE
DEV,202,Text+Global,tr,571,80,59,5463,338,12.996522057477577,EXACT_REUSE
DEV,202,ConfDupClean,tr,636,85,63,5463,338,14.351089145158339,POST_REVIEW_DIAGNOSTIC
DEV,202,ConfPerm,tr,629,83,62,5463,338,14.168039538714991,POST_REVIEW_DIAGNOSTIC
DEV,202,A_Conf,tr,639,87,61,5463,338,14.406004027091342,POST_REVIEW_DIAGNOSTIC
DEV,202,A_Global,tr,629,84,62,5463,338,14.186344499359326,POST_REVIEW_DIAGNOSTIC
DEV,202,A_Text,tr,577,80,59,5463,338,13.106351821343583,POST_REVIEW_DIAGNOSTIC
DEV,202,A_Text+Global,tr,576,79,58,5463,338,13.05143693941058,POST_REVIEW_DIAGNOSTIC
DEV,202,B_Conf,tr,639,74,69,5463,338,14.314479223869668,POST_REVIEW_DIAGNOSTIC
DEV,202,B_Global,tr,615,73,73,5463,338,13.930075050338642,POST_REVIEW_DIAGNOSTIC
DEV,202,B_Text,tr,556,67,72,5463,338,12.721947647812557,POST_REVIEW_DIAGNOSTIC
DEV,202,B_Text+Global,tr,563,69,73,5463,338,12.904997254255903,POST_REVIEW_DIAGNOSTIC
DEV,202,Conf,it,504,105,55,8758,391,7.581639643754282,EXACT_REUSE
DEV,202,Global,it,512,103,54,8758,391,7.638730303722311,EXACT_REUSE
DEV,202,Text,it,419,99,45,8758,391,6.428408312400092,EXACT_REUSE
DEV,202,Text+Global,it,417,96,45,8758,391,6.3713176524320625,EXACT_REUSE
DEV,202,ConfDupClean,it,504,105,55,8758,391,7.581639643754282,POST_REVIEW_DIAGNOSTIC
DEV,202,ConfPerm,it,512,103,54,8758,391,7.638730303722311,POST_REVIEW_DIAGNOSTIC
DEV,202,A_Conf,it,515,111,53,8758,391,7.7529116236583695,POST_REVIEW_DIAGNOSTIC
DEV,202,A_Global,it,512,108,51,8758,391,7.661566567709523,POST_REVIEW_DIAGNOSTIC
DEV,202,A_Text,it,443,104,45,8758,391,6.759534140214661,POST_REVIEW_DIAGNOSTIC
DEV,202,A_Text+Global,it,440,101,45,8758,391,6.691025348253026,POST_REVIEW_DIAGNOSTIC
DEV,202,B_Conf,it,510,92,68,8758,391,7.650148435715917,POST_REVIEW_DIAGNOSTIC
DEV,202,B_Global,it,503,92,67,8758,391,7.55880337976707,POST_REVIEW_DIAGNOSTIC
DEV,202,B_Text,it,416,85,47,8758,391,6.257136332496004,POST_REVIEW_DIAGNOSTIC
DEV,202,B_Text+Global,it,416,85,49,8758,391,6.279972596483216,POST_REVIEW_DIAGNOSTIC
DEV,303,Conf,ar,1303,90,34,5325,295,26.7981220657277,EXACT_REUSE
DEV,303,Global,ar,1298,90,33,5325,295,26.685446009389672,EXACT_REUSE
DEV,303,Text,ar,1240,89,32,5325,295,25.558685446009388,EXACT_REUSE
DEV,303,Text+Global,ar,1234,90,32,5325,295,25.464788732394368,EXACT_REUSE
DEV,303,ConfDupClean,ar,1303,90,34,5325,295,26.7981220657277,POST_REVIEW_DIAGNOSTIC
DEV,303,ConfPerm,ar,1298,90,33,5325,295,26.685446009389672,POST_REVIEW_DIAGNOSTIC
DEV,303,A_Conf,ar,1309,92,33,5325,295,26.929577464788732,POST_REVIEW_DIAGNOSTIC
DEV,303,A_Global,ar,1294,91,33,5325,295,26.629107981220656,POST_REVIEW_DIAGNOSTIC
DEV,303,A_Text,ar,1247,90,32,5325,295,25.708920187793428,POST_REVIEW_DIAGNOSTIC
DEV,303,A_Text+Global,ar,1248,90,32,5325,295,25.727699530516432,POST_REVIEW_DIAGNOSTIC
DEV,303,B_Conf,ar,1297,85,38,5325,295,26.666666666666668,POST_REVIEW_DIAGNOSTIC
DEV,303,B_Global,ar,1274,86,36,5325,295,26.215962441314552,POST_REVIEW_DIAGNOSTIC
DEV,303,B_Text,ar,1219,83,36,5325,295,25.12676056338028,POST_REVIEW_DIAGNOSTIC
DEV,303,B_Text+Global,ar,1215,84,37,5325,295,25.089201877934272,POST_REVIEW_DIAGNOSTIC
DEV,303,Conf,fa,2141,350,290,8170,369,34.03916768665851,EXACT_REUSE
DEV,303,Global,fa,2127,351,288,8170,369,33.85556915544676,EXACT_REUSE
DEV,303,Text,fa,2052,347,289,8170,369,32.90085679314566,EXACT_REUSE
DEV,303,Text+Global,fa,2049,348,289,8170,369,32.87637698898409,EXACT_REUSE
DEV,303,ConfDupClean,fa,2141,350,290,8170,369,34.03916768665851,POST_REVIEW_DIAGNOSTIC
DEV,303,ConfPerm,fa,2127,351,288,8170,369,33.85556915544676,POST_REVIEW_DIAGNOSTIC
DEV,303,A_Conf,fa,2141,352,365,8170,369,34.981640146878824,POST_REVIEW_DIAGNOSTIC
DEV,303,A_Global,fa,2125,353,361,8170,369,34.749082007343944,POST_REVIEW_DIAGNOSTIC
DEV,303,A_Text,fa,2057,348,364,8170,369,33.89228886168911,POST_REVIEW_DIAGNOSTIC
DEV,303,A_Text+Global,fa,2056,351,363,8170,369,33.90452876376989,POST_REVIEW_DIAGNOSTIC
DEV,303,B_Conf,fa,2121,332,388,8170,369,34.77356181150551,POST_REVIEW_DIAGNOSTIC
DEV,303,B_Global,fa,2111,332,396,8170,369,34.749082007343944,POST_REVIEW_DIAGNOSTIC
DEV,303,B_Text,fa,2031,330,381,8170,369,33.561811505507954,POST_REVIEW_DIAGNOSTIC
DEV,303,B_Text+Global,fa,2027,334,380,8170,369,33.549571603427175,POST_REVIEW_DIAGNOSTIC
DEV,303,Conf,pl,745,83,70,5938,338,15.122937015830246,EXACT_REUSE
DEV,303,Global,pl,736,84,68,5938,338,14.95453014482991,EXACT_REUSE
DEV,303,Text,pl,690,80,68,5938,338,14.112495789828225,EXACT_REUSE
DEV,303,Text+Global,pl,689,79,67,5938,338,14.061973728528123,EXACT_REUSE
DEV,303,ConfDupClean,pl,745,83,70,5938,338,15.122937015830246,POST_REVIEW_DIAGNOSTIC
DEV,303,ConfPerm,pl,736,84,68,5938,338,14.95453014482991,POST_REVIEW_DIAGNOSTIC
DEV,303,A_Conf,pl,750,87,70,5938,338,15.27450319973055,POST_REVIEW_DIAGNOSTIC
DEV,303,A_Global,pl,736,85,68,5938,338,14.971370831929942,POST_REVIEW_DIAGNOSTIC
DEV,303,A_Text,pl,691,81,69,5938,338,14.163017851128327,POST_REVIEW_DIAGNOSTIC
DEV,303,A_Text+Global,pl,691,82,68,5938,338,14.163017851128327,POST_REVIEW_DIAGNOSTIC
DEV,303,B_Conf,pl,747,74,84,5938,338,15.240821825530482,POST_REVIEW_DIAGNOSTIC
DEV,303,B_Global,pl,730,70,86,5938,338,14.920848770629842,POST_REVIEW_DIAGNOSTIC
DEV,303,B_Text,pl,669,68,72,5938,338,13.624115863927248,POST_REVIEW_DIAGNOSTIC
DEV,303,B_Text+Global,pl,666,68,70,5938,338,13.53991242842708,POST_REVIEW_DIAGNOSTIC
DEV,303,Conf,tr,654,87,67,5463,338,14.790408200622368,EXACT_REUSE
DEV,303,Global,tr,639,90,65,5463,338,14.534138751601684,EXACT_REUSE
DEV,303,Text,tr,588,82,64,5463,338,13.435841112941608,EXACT_REUSE
DEV,303,Text+Global,tr,584,82,63,5463,338,13.344316309719934,EXACT_REUSE
DEV,303,ConfDupClean,tr,654,87,67,5463,338,14.790408200622368,POST_REVIEW_DIAGNOSTIC
DEV,303,ConfPerm,tr,639,90,65,5463,338,14.534138751601684,POST_REVIEW_DIAGNOSTIC
DEV,303,A_Conf,tr,651,88,65,5463,338,14.71718835804503,POST_REVIEW_DIAGNOSTIC
DEV,303,A_Global,tr,637,90,63,5463,338,14.460918909024345,POST_REVIEW_DIAGNOSTIC
DEV,303,A_Text,tr,590,87,63,5463,338,13.545670876807614,POST_REVIEW_DIAGNOSTIC
DEV,303,A_Text+Global,tr,587,87,62,5463,338,13.472451034230277,POST_REVIEW_DIAGNOSTIC
DEV,303,B_Conf,tr,645,74,78,5463,338,14.589053633534688,POST_REVIEW_DIAGNOSTIC
DEV,303,B_Global,tr,641,71,76,5463,338,14.424308987735676,POST_REVIEW_DIAGNOSTIC
DEV,303,B_Text,tr,577,68,73,5463,338,13.142961742632254,POST_REVIEW_DIAGNOSTIC
DEV,303,B_Text+Global,tr,585,66,74,5463,338,13.271096467142595,POST_REVIEW_DIAGNOSTIC
DEV,303,Conf,it,502,105,47,8758,391,7.4674583238182235,EXACT_REUSE
DEV,303,Global,it,486,102,46,8758,391,7.239095683946107,EXACT_REUSE
DEV,303,Text,it,434,105,46,8758,391,6.67960721625942,EXACT_REUSE
DEV,303,Text+Global,it,431,102,44,8758,391,6.588262160310573,EXACT_REUSE
DEV,303,ConfDupClean,it,502,105,47,8758,391,7.4674583238182235,POST_REVIEW_DIAGNOSTIC
DEV,303,ConfPerm,it,486,102,46,8758,391,7.239095683946107,POST_REVIEW_DIAGNOSTIC
DEV,303,A_Conf,it,510,108,46,8758,391,7.581639643754282,POST_REVIEW_DIAGNOSTIC
DEV,303,A_Global,it,498,105,47,8758,391,7.4217857958438,POST_REVIEW_DIAGNOSTIC
DEV,303,A_Text,it,454,107,44,8758,391,6.907969856131537,POST_REVIEW_DIAGNOSTIC
DEV,303,A_Text+Global,it,452,103,44,8758,391,6.839461064169901,POST_REVIEW_DIAGNOSTIC
DEV,303,B_Conf,it,497,96,62,8758,391,7.478876455811829,POST_REVIEW_DIAGNOSTIC
DEV,303,B_Global,it,487,92,61,8758,391,7.307604475907741,POST_REVIEW_DIAGNOSTIC
DEV,303,B_Text,it,418,89,48,8758,391,6.337063256451245,POST_REVIEW_DIAGNOSTIC
DEV,303,B_Text+Global,it,424,89,49,8758,391,6.4169901804064855,POST_REVIEW_DIAGNOSTIC
TEST,101,Conf,ar,1893,139,65,8007,428,26.189584113900338,EXACT_REUSE
TEST,101,Global,ar,1885,140,64,8007,428,26.089671537404772,EXACT_REUSE
TEST,101,Text,ar,1795,136,66,8007,428,24.940676907705758,EXACT_REUSE
TEST,101,Text+Global,ar,1794,136,63,8007,428,24.890720619457973,EXACT_REUSE
TEST,101,ConfDupClean,ar,1893,139,65,8007,428,26.189584113900338,POST_REVIEW_DIAGNOSTIC
TEST,101,ConfPerm,ar,1886,140,64,8007,428,26.102160609466715,POST_REVIEW_DIAGNOSTIC
TEST,101,A_Conf,ar,1903,139,65,8007,428,26.314474834519796,POST_REVIEW_DIAGNOSTIC
TEST,101,A_Global,ar,1891,141,63,8007,428,26.164605969776446,POST_REVIEW_DIAGNOSTIC
TEST,101,A_Text,ar,1807,136,64,8007,428,25.065567628325216,POST_REVIEW_DIAGNOSTIC
TEST,101,A_Text+Global,ar,1806,135,64,8007,428,25.040589484201323,POST_REVIEW_DIAGNOSTIC
TEST,101,B_Conf,ar,1882,135,69,8007,428,26.052204321218934,POST_REVIEW_DIAGNOSTIC
TEST,101,B_Global,ar,1878,133,69,8007,428,25.97726988884726,POST_REVIEW_DIAGNOSTIC
TEST,101,B_Text,ar,1777,122,65,8007,428,24.528537529661545,POST_REVIEW_DIAGNOSTIC
TEST,101,B_Text+Global,ar,1777,122,65,8007,428,24.528537529661545,POST_REVIEW_DIAGNOSTIC
TEST,101,Conf,fa,5020,741,583,20113,871,31.54178889275593,EXACT_REUSE
TEST,101,Global,fa,5015,744,579,20113,871,31.511957440461394,EXACT_REUSE
TEST,101,Text,fa,4797,746,562,20113,871,30.35350270969025,EXACT_REUSE
TEST,101,Text+Global,fa,4801,747,563,20113,871,30.383334161984784,EXACT_REUSE
TEST,101,ConfDupClean,fa,5020,741,583,20113,871,31.54178889275593,POST_REVIEW_DIAGNOSTIC
TEST,101,ConfPerm,fa,5016,744,579,20113,871,31.51692934917715,POST_REVIEW_DIAGNOSTIC
TEST,101,A_Conf,fa,5023,753,577,20113,871,31.586536071197735,POST_REVIEW_DIAGNOSTIC
TEST,101,A_Global,fa,5019,760,573,20113,871,31.58156416248198,POST_REVIEW_DIAGNOSTIC
TEST,101,A_Text,fa,4824,749,564,20113,871,30.51260378859444,POST_REVIEW_DIAGNOSTIC
TEST,101,A_Text+Global,fa,4813,746,563,20113,871,30.438025157858103,POST_REVIEW_DIAGNOSTIC
TEST,101,B_Conf,fa,5013,681,624,20113,871,31.412519266146273,POST_REVIEW_DIAGNOSTIC
TEST,101,B_Global,fa,5003,673,618,20113,871,31.29319345696813,POST_REVIEW_DIAGNOSTIC
TEST,101,B_Text,fa,4750,698,599,20113,871,30.0651320041764,POST_REVIEW_DIAGNOSTIC
TEST,101,B_Text+Global,fa,4751,695,597,20113,871,30.04524436931338,POST_REVIEW_DIAGNOSTIC
TEST,101,Conf,pl,1772,221,175,14380,758,15.076495132127956,EXACT_REUSE
TEST,101,Global,pl,1758,219,172,14380,758,14.944367176634215,EXACT_REUSE
TEST,101,Text,pl,1640,211,165,14380,758,14.019471488178025,EXACT_REUSE
TEST,101,Text+Global,pl,1643,212,162,14380,758,14.026425591098748,EXACT_REUSE
TEST,101,ConfDupClean,pl,1772,221,175,14380,758,15.076495132127956,POST_REVIEW_DIAGNOSTIC
TEST,101,ConfPerm,pl,1757,219,172,14380,758,14.937413073713492,POST_REVIEW_DIAGNOSTIC
TEST,101,A_Conf,pl,1782,226,169,14380,758,15.139082058414465,POST_REVIEW_DIAGNOSTIC
TEST,101,A_Global,pl,1752,229,166,14380,758,14.930458970792767,POST_REVIEW_DIAGNOSTIC
TEST,101,A_Text,pl,1657,214,162,14380,758,14.13769123783032,POST_REVIEW_DIAGNOSTIC
TEST,101,A_Text+Global,pl,1655,213,162,14380,758,14.11682892906815,POST_REVIEW_DIAGNOSTIC
TEST,101,B_Conf,pl,1770,206,205,14380,758,15.166898470097358,POST_REVIEW_DIAGNOSTIC
TEST,101,B_Global,pl,1748,202,202,14380,758,14.965229485396383,POST_REVIEW_DIAGNOSTIC
TEST,101,B_Text,pl,1612,190,179,14380,758,13.776077885952713,POST_REVIEW_DIAGNOSTIC
TEST,101,B_Text+Global,pl,1617,186,181,14380,758,13.796940194714882,POST_REVIEW_DIAGNOSTIC
TEST,101,Conf,tr,1414,157,133,12963,743,13.145105299699143,EXACT_REUSE
TEST,101,Global,tr,1401,160,129,12963,743,13.037105608269691,EXACT_REUSE
TEST,101,Text,tr,1272,149,122,12963,743,11.903108848260434,EXACT_REUSE
TEST,101,Text+Global,tr,1273,153,125,12963,743,11.964822957648693,EXACT_REUSE
TEST,101,ConfDupClean,tr,1414,157,133,12963,743,13.145105299699143,POST_REVIEW_DIAGNOSTIC
TEST,101,ConfPerm,tr,1401,160,129,12963,743,13.037105608269691,POST_REVIEW_DIAGNOSTIC
TEST,101,A_Conf,tr,1409,163,125,12963,743,13.091105453984417,POST_REVIEW_DIAGNOSTIC
TEST,101,A_Global,tr,1406,163,127,12963,743,13.083391190310884,POST_REVIEW_DIAGNOSTIC
TEST,101,A_Text,tr,1277,155,121,12963,743,11.980251484995756,POST_REVIEW_DIAGNOSTIC
TEST,101,A_Text+Global,tr,1276,157,123,12963,743,12.003394276016355,POST_REVIEW_DIAGNOSTIC
TEST,101,B_Conf,tr,1410,131,146,12963,743,13.013962817249094,POST_REVIEW_DIAGNOSTIC
TEST,101,B_Global,tr,1378,134,151,12963,743,12.828820489084316,POST_REVIEW_DIAGNOSTIC
TEST,101,B_Text,tr,1242,122,135,12963,743,11.56368124662501,POST_REVIEW_DIAGNOSTIC
TEST,101,B_Text+Global,tr,1236,122,134,12963,743,11.509681400910283,POST_REVIEW_DIAGNOSTIC
TEST,101,Conf,it,1106,285,128,20701,865,7.337809767644075,EXACT_REUSE
TEST,101,Global,it,1090,291,124,20701,865,7.2701801845321485,EXACT_REUSE
TEST,101,Text,it,973,283,120,20701,865,6.647021883000821,EXACT_REUSE
TEST,101,Text+Global,it,976,284,123,20701,865,6.680836674556785,EXACT_REUSE
TEST,101,ConfDupClean,it,1106,285,128,20701,865,7.337809767644075,POST_REVIEW_DIAGNOSTIC
TEST,101,ConfPerm,it,1090,291,124,20701,865,7.2701801845321485,POST_REVIEW_DIAGNOSTIC
TEST,101,A_Conf,it,1117,295,121,20701,865,7.405439350756002,POST_REVIEW_DIAGNOSTIC
TEST,101,A_Global,it,1093,296,122,20701,865,7.299164291580117,POST_REVIEW_DIAGNOSTIC
TEST,101,A_Text,it,997,286,116,20701,865,6.7581276266847015,POST_REVIEW_DIAGNOSTIC
TEST,101,A_Text+Global,it,985,289,116,20701,865,6.714651466112748,POST_REVIEW_DIAGNOSTIC
TEST,101,B_Conf,it,1108,261,156,20701,865,7.366793874692044,POST_REVIEW_DIAGNOSTIC
TEST,101,B_Global,it,1084,255,163,20701,865,7.255688131008164,POST_REVIEW_DIAGNOSTIC
TEST,101,B_Text,it,944,234,132,20701,865,6.328196705473165,POST_REVIEW_DIAGNOSTIC
TEST,101,B_Text+Global,it,949,232,137,20701,865,6.366842181537124,POST_REVIEW_DIAGNOSTIC
TEST,202,Conf,ar,1898,136,196,8007,428,27.850630698139128,EXACT_REUSE
TEST,202,Global,ar,1891,136,197,8007,428,27.775696265767454,EXACT_REUSE
TEST,202,Text,ar,1798,134,191,8007,428,26.514299987510928,EXACT_REUSE
TEST,202,Text+Global,ar,1796,133,191,8007,428,26.47683277132509,EXACT_REUSE
TEST,202,ConfDupClean,ar,1898,136,196,8007,428,27.850630698139128,POST_REVIEW_DIAGNOSTIC
TEST,202,ConfPerm,ar,1891,136,197,8007,428,27.775696265767454,POST_REVIEW_DIAGNOSTIC
TEST,202,A_Conf,ar,1893,138,194,8007,428,27.7881853378294,POST_REVIEW_DIAGNOSTIC
TEST,202,A_Global,ar,1886,137,194,8007,428,27.688272761333835,POST_REVIEW_DIAGNOSTIC
TEST,202,A_Text,ar,1810,138,191,8007,428,26.71412514050206,POST_REVIEW_DIAGNOSTIC
TEST,202,A_Text+Global,ar,1804,136,191,8007,428,26.614212564006493,POST_REVIEW_DIAGNOSTIC
TEST,202,B_Conf,ar,1872,132,197,8007,428,27.4884476083427,POST_REVIEW_DIAGNOSTIC
TEST,202,B_Global,ar,1853,127,200,8007,428,27.226177095041837,POST_REVIEW_DIAGNOSTIC
TEST,202,B_Text,ar,1749,126,196,8007,428,25.864868240289745,POST_REVIEW_DIAGNOSTIC
TEST,202,B_Text+Global,ar,1754,123,195,8007,428,25.87735731235169,POST_REVIEW_DIAGNOSTIC
TEST,202,Conf,fa,5019,768,645,20113,871,31.979316859742454,EXACT_REUSE
TEST,202,Global,fa,5004,773,641,20113,871,31.90971013772187,EXACT_REUSE
TEST,202,Text,fa,4804,766,637,20113,871,30.86063739869736,EXACT_REUSE
TEST,202,Text+Global,fa,4794,764,638,20113,871,30.805946402824045,EXACT_REUSE
TEST,202,ConfDupClean,fa,5019,768,645,20113,871,31.979316859742454,POST_REVIEW_DIAGNOSTIC
TEST,202,ConfPerm,fa,5004,773,641,20113,871,31.90971013772187,POST_REVIEW_DIAGNOSTIC
TEST,202,A_Conf,fa,5025,774,641,20113,871,32.019092129468504,POST_REVIEW_DIAGNOSTIC
TEST,202,A_Global,fa,5013,779,637,20113,871,31.96440113359519,POST_REVIEW_DIAGNOSTIC
TEST,202,A_Text,fa,4823,766,638,20113,871,30.960075573012478,POST_REVIEW_DIAGNOSTIC
TEST,202,A_Text+Global,fa,4816,766,638,20113,871,30.925272212002188,POST_REVIEW_DIAGNOSTIC
TEST,202,B_Conf,fa,5019,729,686,20113,871,31.989260677173966,POST_REVIEW_DIAGNOSTIC
TEST,202,B_Global,fa,5008,726,683,20113,871,31.904738229006117,POST_REVIEW_DIAGNOSTIC
TEST,202,B_Text,fa,4760,703,663,20113,871,30.457912792721125,POST_REVIEW_DIAGNOSTIC
TEST,202,B_Text+Global,fa,4760,698,658,20113,871,30.408193705563566,POST_REVIEW_DIAGNOSTIC
TEST,202,Conf,pl,1785,237,179,14380,758,15.305980528511823,EXACT_REUSE
TEST,202,Global,pl,1761,240,175,14380,758,15.132127955493742,EXACT_REUSE
TEST,202,Text,pl,1654,229,158,14380,758,14.193324061196106,EXACT_REUSE
TEST,202,Text+Global,pl,1643,228,160,14380,758,14.123783031988873,EXACT_REUSE
TEST,202,ConfDupClean,pl,1785,237,179,14380,758,15.305980528511823,POST_REVIEW_DIAGNOSTIC
TEST,202,ConfPerm,pl,1761,240,175,14380,758,15.132127955493742,POST_REVIEW_DIAGNOSTIC
TEST,202,A_Conf,pl,1788,240,172,14380,758,15.299026425591098,POST_REVIEW_DIAGNOSTIC
TEST,202,A_Global,pl,1757,243,173,14380,758,15.111265646731571,POST_REVIEW_DIAGNOSTIC
TEST,202,A_Text,pl,1656,233,161,14380,758,14.255910987482615,POST_REVIEW_DIAGNOSTIC
TEST,202,A_Text+Global,pl,1651,235,160,14380,758,14.228094575799721,POST_REVIEW_DIAGNOSTIC
TEST,202,B_Conf,pl,1768,210,204,14380,758,15.173852573018081,POST_REVIEW_DIAGNOSTIC
TEST,202,B_Global,pl,1730,204,204,14380,758,14.867872044506258,POST_REVIEW_DIAGNOSTIC
TEST,202,B_Text,pl,1603,200,173,14380,758,13.741307371349096,POST_REVIEW_DIAGNOSTIC
TEST,202,B_Text+Global,pl,1608,196,174,14380,758,13.755215577190542,POST_REVIEW_DIAGNOSTIC
TEST,202,Conf,tr,1448,165,137,12963,743,13.499961428681633,EXACT_REUSE
TEST,202,Global,tr,1422,168,135,12963,743,13.307104836843322,EXACT_REUSE
TEST,202,Text,tr,1299,159,127,12963,743,12.227107922548793,EXACT_REUSE
TEST,202,Text+Global,tr,1297,161,129,12963,743,12.242536449895857,EXACT_REUSE
TEST,202,ConfDupClean,tr,1448,165,137,12963,743,13.499961428681633,POST_REVIEW_DIAGNOSTIC
TEST,202,ConfPerm,tr,1422,168,135,12963,743,13.307104836843322,POST_REVIEW_DIAGNOSTIC
TEST,202,A_Conf,tr,1452,171,135,12963,743,13.561675538069892,POST_REVIEW_DIAGNOSTIC
TEST,202,A_Global,tr,1425,171,134,12963,743,13.345676155210985,POST_REVIEW_DIAGNOSTIC
TEST,202,A_Text,tr,1311,163,127,12963,743,12.35053614132531,POST_REVIEW_DIAGNOSTIC
TEST,202,A_Text+Global,tr,1308,165,128,12963,743,12.35053614132531,POST_REVIEW_DIAGNOSTIC
TEST,202,B_Conf,tr,1448,140,155,12963,743,13.445961582966905,POST_REVIEW_DIAGNOSTIC
TEST,202,B_Global,tr,1396,139,153,12963,743,13.021677080922625,POST_REVIEW_DIAGNOSTIC
TEST,202,B_Text,tr,1256,136,136,12963,743,11.787394893157447,POST_REVIEW_DIAGNOSTIC
TEST,202,B_Text+Global,tr,1258,136,137,12963,743,11.810537684178046,POST_REVIEW_DIAGNOSTIC
TEST,202,Conf,it,1139,281,134,20701,865,7.506883725423893,EXACT_REUSE
TEST,202,Global,it,1098,282,131,20701,865,7.299164291580117,EXACT_REUSE
TEST,202,Text,it,994,269,112,20701,865,6.642191198492826,EXACT_REUSE
TEST,202,Text+Global,it,987,276,112,20701,865,6.642191198492826,EXACT_REUSE
TEST,202,ConfDupClean,it,1139,281,134,20701,865,7.506883725423893,POST_REVIEW_DIAGNOSTIC
TEST,202,ConfPerm,it,1097,282,131,20701,865,7.294333607072122,POST_REVIEW_DIAGNOSTIC
TEST,202,A_Conf,it,1147,288,124,20701,865,7.5310371479638665,POST_REVIEW_DIAGNOSTIC
TEST,202,A_Global,it,1107,292,118,20701,865,7.328148398628086,POST_REVIEW_DIAGNOSTIC
TEST,202,A_Text,it,1031,273,112,20701,865,6.8402492633206124,POST_REVIEW_DIAGNOSTIC
TEST,202,A_Text+Global,it,1029,276,114,20701,865,6.8547413168445965,POST_REVIEW_DIAGNOSTIC
TEST,202,B_Conf,it,1128,256,157,20701,865,7.44408482681996,POST_REVIEW_DIAGNOSTIC
TEST,202,B_Global,it,1092,247,152,20701,865,7.202550601420222,POST_REVIEW_DIAGNOSTIC
TEST,202,B_Text,it,977,233,134,20701,865,6.492439978744988,POST_REVIEW_DIAGNOSTIC
TEST,202,B_Text+Global,it,973,236,130,20701,865,6.4682865562050145,POST_REVIEW_DIAGNOSTIC
TEST,303,Conf,ar,1854,142,71,8007,428,25.814911952041964,EXACT_REUSE
TEST,303,Global,ar,1840,144,71,8007,428,25.665043087298614,EXACT_REUSE
TEST,303,Text,ar,1749,142,70,8007,428,24.49107031347571,EXACT_REUSE
TEST,303,Text+Global,ar,1747,142,70,8007,428,24.466092169351818,EXACT_REUSE
TEST,303,ConfDupClean,ar,1854,142,71,8007,428,25.814911952041964,POST_REVIEW_DIAGNOSTIC
TEST,303,ConfPerm,ar,1840,144,71,8007,428,25.665043087298614,POST_REVIEW_DIAGNOSTIC
TEST,303,A_Conf,ar,1852,145,71,8007,428,25.82740102410391,POST_REVIEW_DIAGNOSTIC
TEST,303,A_Global,ar,1845,147,71,8007,428,25.76495566379418,POST_REVIEW_DIAGNOSTIC
TEST,303,A_Text,ar,1759,142,70,8007,428,24.615961034095168,POST_REVIEW_DIAGNOSTIC
TEST,303,A_Text+Global,ar,1753,143,67,8007,428,24.5160484575996,POST_REVIEW_DIAGNOSTIC
TEST,303,B_Conf,ar,1840,139,73,8007,428,25.627575871112775,POST_REVIEW_DIAGNOSTIC
TEST,303,B_Global,ar,1812,139,77,8007,428,25.327838141626078,POST_REVIEW_DIAGNOSTIC
TEST,303,B_Text,ar,1720,123,71,8007,428,23.904083926564255,POST_REVIEW_DIAGNOSTIC
TEST,303,B_Text+Global,ar,1714,123,72,8007,428,23.841638566254527,POST_REVIEW_DIAGNOSTIC
TEST,303,Conf,fa,5073,761,764,20113,871,32.80465370655795,EXACT_REUSE
TEST,303,Global,fa,5057,763,762,20113,871,32.72510316710585,EXACT_REUSE
TEST,303,Text,fa,4862,754,755,20113,871,31.67603042808134,EXACT_REUSE
TEST,303,Text+Global,fa,4855,757,754,20113,871,31.65117088450256,EXACT_REUSE
TEST,303,ConfDupClean,fa,5073,761,764,20113,871,32.80465370655795,POST_REVIEW_DIAGNOSTIC
TEST,303,ConfPerm,fa,5057,764,762,20113,871,32.73007507582161,POST_REVIEW_DIAGNOSTIC
TEST,303,A_Conf,fa,5073,773,756,20113,871,32.824541341420975,POST_REVIEW_DIAGNOSTIC
TEST,303,A_Global,fa,5053,769,753,20113,871,32.69029980609556,POST_REVIEW_DIAGNOSTIC
TEST,303,A_Text,fa,4890,761,754,20113,871,31.845075324417042,POST_REVIEW_DIAGNOSTIC
TEST,303,A_Text+Global,fa,4880,763,754,20113,871,31.805300054690996,POST_REVIEW_DIAGNOSTIC
TEST,303,B_Conf,fa,5055,718,804,20113,871,32.70024362352707,POST_REVIEW_DIAGNOSTIC
TEST,303,B_Global,fa,5030,703,806,20113,871,32.51131109232834,POST_REVIEW_DIAGNOSTIC
TEST,303,B_Text,fa,4809,723,800,20113,871,31.482125988166857,POST_REVIEW_DIAGNOSTIC
TEST,303,B_Text+Global,fa,4807,726,799,20113,871,31.482125988166857,POST_REVIEW_DIAGNOSTIC
TEST,303,Conf,pl,1763,226,183,14380,758,15.104311543810848,EXACT_REUSE
TEST,303,Global,pl,1724,222,176,14380,758,14.756606397774688,EXACT_REUSE
TEST,303,Text,pl,1621,215,162,14380,758,13.894297635605007,EXACT_REUSE
TEST,303,Text+Global,pl,1621,216,163,14380,758,13.908205841446453,EXACT_REUSE
TEST,303,ConfDupClean,pl,1763,226,183,14380,758,15.104311543810848,POST_REVIEW_DIAGNOSTIC
TEST,303,ConfPerm,pl,1723,222,176,14380,758,14.749652294853965,POST_REVIEW_DIAGNOSTIC
TEST,303,A_Conf,pl,1761,234,176,14380,758,15.097357440890125,POST_REVIEW_DIAGNOSTIC
TEST,303,A_Global,pl,1726,228,175,14380,758,14.80528511821975,POST_REVIEW_DIAGNOSTIC
TEST,303,A_Text,pl,1629,216,163,14380,758,13.96383866481224,POST_REVIEW_DIAGNOSTIC
TEST,303,A_Text+Global,pl,1632,220,160,14380,758,13.991655076495132,POST_REVIEW_DIAGNOSTIC
TEST,303,B_Conf,pl,1772,199,212,14380,758,15.180806675938804,POST_REVIEW_DIAGNOSTIC
TEST,303,B_Global,pl,1714,195,207,14380,758,14.714881780250348,POST_REVIEW_DIAGNOSTIC
TEST,303,B_Text,pl,1594,189,176,14380,758,13.6230876216968,POST_REVIEW_DIAGNOSTIC
TEST,303,B_Text+Global,pl,1600,185,179,14380,758,13.657858136300417,POST_REVIEW_DIAGNOSTIC
TEST,303,Conf,tr,1442,167,123,12963,743,13.36110468255805,EXACT_REUSE
TEST,303,Global,tr,1415,168,117,12963,743,13.114248245005014,EXACT_REUSE
TEST,303,Text,tr,1290,164,115,12963,743,12.103679703772276,EXACT_REUSE
TEST,303,Text+Global,tr,1286,165,114,12963,743,12.072822649078146,EXACT_REUSE
TEST,303,ConfDupClean,tr,1442,167,123,12963,743,13.36110468255805,POST_REVIEW_DIAGNOSTIC
TEST,303,ConfPerm,tr,1415,168,117,12963,743,13.114248245005014,POST_REVIEW_DIAGNOSTIC
TEST,303,A_Conf,tr,1439,169,118,12963,743,13.314819100516855,POST_REVIEW_DIAGNOSTIC
TEST,303,A_Global,tr,1417,170,116,12963,743,13.137391036025612,POST_REVIEW_DIAGNOSTIC
TEST,303,A_Text,tr,1302,165,112,12963,743,12.180822340507598,POST_REVIEW_DIAGNOSTIC
TEST,303,A_Text+Global,tr,1301,164,111,12963,743,12.157679549487002,POST_REVIEW_DIAGNOSTIC
TEST,303,B_Conf,tr,1442,148,139,12963,743,13.337961891537454,POST_REVIEW_DIAGNOSTIC
TEST,303,B_Global,tr,1406,146,138,12963,743,13.037105608269691,POST_REVIEW_DIAGNOSTIC
TEST,303,B_Text,tr,1277,140,128,12963,743,11.918537375607498,POST_REVIEW_DIAGNOSTIC
TEST,303,B_Text+Global,tr,1264,137,132,12963,743,11.82596621152511,POST_REVIEW_DIAGNOSTIC
TEST,303,Conf,it,1132,296,135,20701,865,7.550359885995846,EXACT_REUSE
TEST,303,Global,it,1107,294,134,20701,865,7.415100719771992,EXACT_REUSE
TEST,303,Text,it,983,278,124,20701,865,6.6904980435727746,EXACT_REUSE
TEST,303,Text+Global,it,982,277,126,20701,865,6.6904980435727746,EXACT_REUSE
TEST,303,ConfDupClean,it,1132,296,135,20701,865,7.550359885995846,POST_REVIEW_DIAGNOSTIC
TEST,303,ConfPerm,it,1107,294,134,20701,865,7.415100719771992,POST_REVIEW_DIAGNOSTIC
TEST,303,A_Conf,it,1143,304,127,20701,865,7.603497415583789,POST_REVIEW_DIAGNOSTIC
TEST,303,A_Global,it,1103,303,127,20701,865,7.405439350756002,POST_REVIEW_DIAGNOSTIC
TEST,303,A_Text,it,997,289,117,20701,865,6.77745036471668,POST_REVIEW_DIAGNOSTIC
TEST,303,A_Text+Global,it,992,290,123,20701,865,6.78711173373267,POST_REVIEW_DIAGNOSTIC
TEST,303,B_Conf,it,1133,258,153,20701,865,7.458576880343945,POST_REVIEW_DIAGNOSTIC
TEST,303,B_Global,it,1103,248,173,20701,865,7.361963190184049,POST_REVIEW_DIAGNOSTIC
TEST,303,B_Text,it,970,241,134,20701,865,6.497270663252983,POST_REVIEW_DIAGNOSTIC
TEST,303,B_Text+Global,it,963,236,138,20701,865,6.458625187189025,POST_REVIEW_DIAGNOSTIC
CV27,101,Conf,ar,25491,2295,942,53778,10606,53.41961396853732,EXACT_REUSE
CV27,101,Global,ar,25416,2321,924,53778,10606,53.29502770649708,EXACT_REUSE
CV27,101,Text,ar,25002,2256,910,53778,10606,52.37829595745472,EXACT_REUSE
CV27,101,Text+Global,ar,24965,2264,908,53778,10606,52.32065156755551,EXACT_REUSE
CV27,101,ConfDupClean,ar,25491,2295,942,53778,10606,53.41961396853732,POST_REVIEW_DIAGNOSTIC
CV27,101,ConfPerm,ar,25416,2321,924,53778,10606,53.29502770649708,POST_REVIEW_DIAGNOSTIC
CV27,101,A_Conf,ar,25463,2330,924,53778,10606,53.39915950760534,POST_REVIEW_DIAGNOSTIC
CV27,101,A_Global,ar,25319,2349,906,53778,10606,53.133251515489604,POST_REVIEW_DIAGNOSTIC
CV27,101,A_Text,ar,24886,2274,909,53778,10606,52.19420580906691,POST_REVIEW_DIAGNOSTIC
CV27,101,A_Text+Global,ar,24819,2282,913,53778,10606,52.09193350440701,POST_REVIEW_DIAGNOSTIC
CV27,101,B_Conf,ar,25477,2034,1057,53778,10606,53.12209453679944,POST_REVIEW_DIAGNOSTIC
CV27,101,B_Global,ar,25147,2009,1063,53778,10606,52.47313027632117,POST_REVIEW_DIAGNOSTIC
CV27,101,B_Text,ar,25181,1882,1098,53778,10606,52.36527948231619,POST_REVIEW_DIAGNOSTIC
CV27,101,B_Text+Global,ar,25144,1866,1307,53778,10606,52.65536092826063,POST_REVIEW_DIAGNOSTIC
CV27,101,Conf,fa,34672,7215,7840,73608,10755,67.55651559613085,EXACT_REUSE
CV27,101,Global,fa,34652,7295,7814,73608,10755,67.60270622758395,EXACT_REUSE
CV27,101,Text,fa,33732,7230,7777,73608,10755,66.21427018802304,EXACT_REUSE
CV27,101,Text+Global,fa,33720,7255,7766,73608,10755,66.21698728399087,EXACT_REUSE
CV27,101,ConfDupClean,fa,34672,7216,7840,73608,10755,67.55787414411478,POST_REVIEW_DIAGNOSTIC
CV27,101,ConfPerm,fa,34653,7296,7814,73608,10755,67.60542332355179,POST_REVIEW_DIAGNOSTIC
CV27,101,A_Conf,fa,34660,7306,7789,73608,10755,67.59455493968046,POST_REVIEW_DIAGNOSTIC
CV27,101,A_Global,fa,34613,7346,7765,73608,10755,67.55243995217911,POST_REVIEW_DIAGNOSTIC
CV27,101,A_Text,fa,33819,7225,7771,73608,10755,66.31751983480056,POST_REVIEW_DIAGNOSTIC
CV27,101,A_Text+Global,fa,33815,7244,7755,73608,10755,66.31616128681665,POST_REVIEW_DIAGNOSTIC
CV27,101,B_Conf,fa,34844,6479,8915,73608,10755,68.25073361591132,POST_REVIEW_DIAGNOSTIC
CV27,101,B_Global,fa,34865,6347,8993,73608,10755,68.20590153244213,POST_REVIEW_DIAGNOSTIC
CV27,101,B_Text,fa,33667,6607,8158,73608,10755,65.7971959569612,POST_REVIEW_DIAGNOSTIC
CV27,101,B_Text+Global,fa,33740,6547,11165,73608,10755,69.90001086838387,POST_REVIEW_DIAGNOSTIC
CV27,101,Conf,pl,10157,1756,1109,75267,10096,17.30107484023543,EXACT_REUSE
CV27,101,Global,pl,9971,1755,1081,75267,10096,17.01542508669138,EXACT_REUSE
CV27,101,Text,pl,9008,1689,981,75267,10096,15.515431729708903,EXACT_REUSE
CV27,101,Text+Global,pl,8999,1670,984,75267,10096,15.482216642087502,EXACT_REUSE
CV27,101,ConfDupClean,pl,10157,1756,1109,75267,10096,17.30107484023543,POST_REVIEW_DIAGNOSTIC
CV27,101,ConfPerm,pl,9972,1754,1081,75267,10096,17.01542508669138,POST_REVIEW_DIAGNOSTIC
CV27,101,A_Conf,pl,10137,1800,1073,75267,10096,17.285131598177156,POST_REVIEW_DIAGNOSTIC
CV27,101,A_Global,pl,9961,1796,1054,75267,10096,17.020739500710803,POST_REVIEW_DIAGNOSTIC
CV27,101,A_Text,pl,9014,1704,983,75267,10096,15.545989610320593,POST_REVIEW_DIAGNOSTIC
CV27,101,A_Text+Global,pl,9008,1697,980,75267,10096,15.524731954242895,POST_REVIEW_DIAGNOSTIC
CV27,101,B_Conf,pl,10092,1426,1323,75267,10096,17.060597605856483,POST_REVIEW_DIAGNOSTIC
CV27,101,B_Global,pl,9836,1350,1310,75267,10096,16.60222939668115,POST_REVIEW_DIAGNOSTIC
CV27,101,B_Text,pl,8631,1250,1144,75267,10096,14.647853641037905,POST_REVIEW_DIAGNOSTIC
CV27,101,B_Text+Global,pl,8686,1233,1165,75267,10096,14.726241247824412,POST_REVIEW_DIAGNOSTIC
CV27,101,Conf,tr,12134,2621,742,67100,11874,23.09538002980626,EXACT_REUSE
CV27,101,Global,tr,11971,2649,713,67100,11874,22.85096870342772,EXACT_REUSE
CV27,101,Text,tr,11351,2632,654,67100,11874,21.81371087928465,EXACT_REUSE
CV27,101,Text+Global,tr,11327,2639,649,67100,11874,21.780923994038748,EXACT_REUSE
CV27,101,ConfDupClean,tr,12134,2621,742,67100,11874,23.09538002980626,POST_REVIEW_DIAGNOSTIC
CV27,101,ConfPerm,tr,11969,2650,713,67100,11874,22.849478390461996,POST_REVIEW_DIAGNOSTIC
CV27,101,A_Conf,tr,12116,2649,723,67100,11874,23.081967213114755,POST_REVIEW_DIAGNOSTIC
CV27,101,A_Global,tr,11941,2674,700,67100,11874,22.82414307004471,POST_REVIEW_DIAGNOSTIC
CV27,101,A_Text,tr,11104,2608,669,67100,11874,21.432190760059612,POST_REVIEW_DIAGNOSTIC
CV27,101,A_Text+Global,tr,11095,2613,659,67100,11874,21.411326378539492,POST_REVIEW_DIAGNOSTIC
CV27,101,B_Conf,tr,12004,2275,921,67100,11874,22.652757078986586,POST_REVIEW_DIAGNOSTIC
CV27,101,B_Global,tr,11812,2222,919,67100,11874,22.284649776453055,POST_REVIEW_DIAGNOSTIC
CV27,101,B_Text,tr,11362,2220,856,67100,11874,21.517138599105813,POST_REVIEW_DIAGNOSTIC
CV27,101,B_Text+Global,tr,11300,2187,1689,67100,11874,22.61698956780924,POST_REVIEW_DIAGNOSTIC
CV27,101,Conf,it,17994,2757,2174,149177,15183,15.367650509126742,EXACT_REUSE
CV27,101,Global,it,17869,2735,2166,149177,15183,15.263747092380193,EXACT_REUSE
CV27,101,Text,it,16364,2654,1962,149177,15183,14.06383021511359,EXACT_REUSE
CV27,101,Text+Global,it,16377,2636,1974,149177,15183,14.068522627482789,EXACT_REUSE
CV27,101,ConfDupClean,it,17994,2757,2174,149177,15183,15.367650509126742,POST_REVIEW_DIAGNOSTIC
CV27,101,ConfPerm,it,17873,2737,2165,149177,15183,15.267098815501049,POST_REVIEW_DIAGNOSTIC
CV27,101,A_Conf,it,17962,2834,2098,149177,15183,15.346869825777432,POST_REVIEW_DIAGNOSTIC
CV27,101,A_Global,it,17798,2800,2085,149177,15183,15.205427110077292,POST_REVIEW_DIAGNOSTIC
CV27,101,A_Text,it,16257,2680,1927,149177,15183,13.98607023870972,POST_REVIEW_DIAGNOSTIC
CV27,101,A_Text+Global,it,16363,2658,1938,149177,15183,14.049752978005992,POST_REVIEW_DIAGNOSTIC
CV27,101,B_Conf,it,17916,2215,2877,149177,15183,15.42328911293296,POST_REVIEW_DIAGNOSTIC
CV27,101,B_Global,it,17787,2105,3026,149177,15183,15.362958096757543,POST_REVIEW_DIAGNOSTIC
CV27,101,B_Text,it,15796,2013,2527,149177,15183,13.632128277147281,POST_REVIEW_DIAGNOSTIC
CV27,101,B_Text+Global,it,15988,2011,2751,149177,15183,13.909650951554195,POST_REVIEW_DIAGNOSTIC
CV27,202,Conf,ar,25720,2233,861,53778,10606,53.579530663096435,EXACT_REUSE
CV27,202,Global,ar,25554,2266,840,53778,10606,53.29316821004872,EXACT_REUSE
CV27,202,Text,ar,25199,2192,838,53778,10606,52.49172524080479,EXACT_REUSE
CV27,202,Text+Global,ar,25165,2200,834,53778,10606,52.435940347353934,EXACT_REUSE
CV27,202,ConfDupClean,ar,25719,2233,861,53778,10606,53.577671166648074,POST_REVIEW_DIAGNOSTIC
CV27,202,ConfPerm,ar,25553,2265,840,53778,10606,53.289449217152,POST_REVIEW_DIAGNOSTIC
CV27,202,A_Conf,ar,25672,2268,847,53778,10606,53.52932425899066,POST_REVIEW_DIAGNOSTIC
CV27,202,A_Global,ar,25472,2298,828,53778,10606,53.177879430250286,POST_REVIEW_DIAGNOSTIC
CV27,202,A_Text,ar,25101,2193,839,53778,10606,52.31321358176206,POST_REVIEW_DIAGNOSTIC
CV27,202,A_Text+Global,ar,25023,2208,835,53778,10606,52.18862731972182,POST_REVIEW_DIAGNOSTIC
CV27,202,B_Conf,ar,25615,1979,1102,53778,10606,53.36011008218974,POST_REVIEW_DIAGNOSTIC
CV27,202,B_Global,ar,25341,1921,1081,53778,10606,52.70370783591803,POST_REVIEW_DIAGNOSTIC
CV27,202,B_Text,ar,25404,1849,995,53778,10606,52.527055673323666,POST_REVIEW_DIAGNOSTIC
CV27,202,B_Text+Global,ar,25345,1846,1405,53778,10606,53.174160437353564,POST_REVIEW_DIAGNOSTIC
CV27,202,Conf,fa,34653,7156,5739,73608,10755,64.59623953918053,EXACT_REUSE
CV27,202,Global,fa,34591,7219,5705,73608,10755,64.55140745571134,EXACT_REUSE
CV27,202,Text,fa,33688,7162,5663,73608,10755,63.190142375828714,EXACT_REUSE
CV27,202,Text+Global,fa,33663,7184,5657,73608,10755,63.17791544397348,EXACT_REUSE
CV27,202,ConfDupClean,fa,34654,7155,5739,73608,10755,64.59623953918053,POST_REVIEW_DIAGNOSTIC
CV27,202,ConfPerm,fa,34589,7219,5705,73608,10755,64.5486903597435,POST_REVIEW_DIAGNOSTIC
CV27,202,A_Conf,fa,34632,7232,5688,73608,10755,64.60167373111618,POST_REVIEW_DIAGNOSTIC
CV27,202,A_Global,fa,34544,7279,5668,73608,10755,64.51880230409738,POST_REVIEW_DIAGNOSTIC
CV27,202,A_Text,fa,33742,7171,5677,73608,10755,63.29475057059015,POST_REVIEW_DIAGNOSTIC
CV27,202,A_Text+Global,fa,33746,7188,5662,73608,10755,63.30290185849364,POST_REVIEW_DIAGNOSTIC
CV27,202,B_Conf,fa,34747,6474,6271,73608,10755,64.52016085208129,POST_REVIEW_DIAGNOSTIC
CV27,202,B_Global,fa,34702,6267,6398,73608,10755,64.35034235409195,POST_REVIEW_DIAGNOSTIC
CV27,202,B_Text,fa,33604,6559,6101,73608,10755,62.85186392783393,POST_REVIEW_DIAGNOSTIC
CV27,202,B_Text+Global,fa,33639,6459,7336,73608,10755,64.44136506901424,POST_REVIEW_DIAGNOSTIC
CV27,202,Conf,pl,10107,1737,1024,75267,10096,17.096469900487598,EXACT_REUSE
CV27,202,Global,pl,9905,1721,989,75267,10096,16.76033321375902,EXACT_REUSE
CV27,202,Text,pl,8895,1651,880,75267,10096,15.180623646485179,EXACT_REUSE
CV27,202,Text+Global,pl,8890,1657,888,75267,10096,15.192581078028883,EXACT_REUSE
CV27,202,ConfDupClean,pl,10107,1737,1024,75267,10096,17.096469900487598,POST_REVIEW_DIAGNOSTIC
CV27,202,ConfPerm,pl,9905,1721,989,75267,10096,16.76033321375902,POST_REVIEW_DIAGNOSTIC
CV27,202,A_Conf,pl,10096,1763,988,75267,10096,17.06856922688562,POST_REVIEW_DIAGNOSTIC
CV27,202,A_Global,pl,9892,1747,962,75267,10096,16.741732764691033,POST_REVIEW_DIAGNOSTIC
CV27,202,A_Text,pl,8942,1665,885,75267,10096,15.268311477805678,POST_REVIEW_DIAGNOSTIC
CV27,202,A_Text+Global,pl,8927,1660,888,75267,10096,15.245725218223125,POST_REVIEW_DIAGNOSTIC
CV27,202,B_Conf,pl,10096,1391,1265,75267,10096,16.942351893924297,POST_REVIEW_DIAGNOSTIC
CV27,202,B_Global,pl,9836,1308,1257,75267,10096,16.476012063719825,POST_REVIEW_DIAGNOSTIC
CV27,202,B_Text,pl,8599,1187,1040,75267,10096,14.383461543571553,POST_REVIEW_DIAGNOSTIC
CV27,202,B_Text+Global,pl,8590,1178,1055,75267,10096,14.379475733056983,POST_REVIEW_DIAGNOSTIC
CV27,202,Conf,tr,11873,2476,773,67100,11874,22.536512667660208,EXACT_REUSE
CV27,202,Global,tr,11729,2535,743,67100,11874,22.365126676602088,EXACT_REUSE
CV27,202,Text,tr,11046,2524,671,67100,11874,21.22354694485842,EXACT_REUSE
CV27,202,Text+Global,tr,11064,2526,671,67100,11874,21.253353204172875,EXACT_REUSE
CV27,202,ConfDupClean,tr,11874,2478,774,67100,11874,22.5424739195231,POST_REVIEW_DIAGNOSTIC
CV27,202,ConfPerm,tr,11731,2535,743,67100,11874,22.36810730253353,POST_REVIEW_DIAGNOSTIC
CV27,202,A_Conf,tr,11850,2521,755,67100,11874,22.5424739195231,POST_REVIEW_DIAGNOSTIC
CV27,202,A_Global,tr,11701,2563,723,67100,11874,22.33532041728763,POST_REVIEW_DIAGNOSTIC
CV27,202,A_Text,tr,10858,2505,688,67100,11874,20.940387481371086,POST_REVIEW_DIAGNOSTIC
CV27,202,A_Text+Global,tr,10859,2504,677,67100,11874,20.923994038748138,POST_REVIEW_DIAGNOSTIC
CV27,202,B_Conf,tr,11814,2180,985,67100,11874,22.32339791356185,POST_REVIEW_DIAGNOSTIC
CV27,202,B_Global,tr,11536,2139,947,67100,11874,21.791356184798808,POST_REVIEW_DIAGNOSTIC
CV27,202,B_Text,tr,11105,2128,879,67100,11874,21.03129657228018,POST_REVIEW_DIAGNOSTIC
CV27,202,B_Text+Global,tr,11056,2106,891,67100,11874,20.943368107302533,POST_REVIEW_DIAGNOSTIC
CV27,202,Conf,it,17916,2751,2160,149177,15183,15.301956735957956,EXACT_REUSE
CV27,202,Global,it,17792,2780,2120,149177,15183,15.211460211694833,EXACT_REUSE
CV27,202,Text,it,16251,2690,2015,149177,15183,14.04774194413348,EXACT_REUSE
CV27,202,Text+Global,it,16278,2692,2040,149177,15183,14.083940553838728,EXACT_REUSE
CV27,202,ConfDupClean,it,17917,2751,2160,149177,15183,15.302627080582127,POST_REVIEW_DIAGNOSTIC
CV27,202,ConfPerm,it,17788,2778,2119,149177,15183,15.206767799325632,POST_REVIEW_DIAGNOSTIC
CV27,202,A_Conf,it,17864,2832,2064,149177,15183,15.257043646138479,POST_REVIEW_DIAGNOSTIC
CV27,202,A_Global,it,17688,2842,2008,149177,15183,15.108227139572454,POST_REVIEW_DIAGNOSTIC
CV27,202,A_Text,it,16177,2715,1949,149177,15183,13.970652312353781,POST_REVIEW_DIAGNOSTIC
CV27,202,A_Text+Global,it,16261,2711,1934,149177,15183,14.014224712924914,POST_REVIEW_DIAGNOSTIC
CV27,202,B_Conf,it,17864,2267,2594,149177,15183,15.233581584292486,POST_REVIEW_DIAGNOSTIC
CV27,202,B_Global,it,17743,2154,2773,149177,15183,15.196712629963065,POST_REVIEW_DIAGNOSTIC
CV27,202,B_Text,it,15791,2032,2736,149177,15183,13.781615128337478,POST_REVIEW_DIAGNOSTIC
CV27,202,B_Text+Global,it,15954,2002,2993,149177,15183,14.04304953176428,POST_REVIEW_DIAGNOSTIC
CV27,303,Conf,ar,25772,2320,1026,53778,10606,54.144817583398414,EXACT_REUSE
CV27,303,Global,ar,25654,2347,1004,53778,10606,53.934694484733534,EXACT_REUSE
CV27,303,Text,ar,25230,2271,997,53778,10606,52.99192978541411,EXACT_REUSE
CV27,303,Text+Global,ar,25199,2276,993,53778,10606,52.93614489196326,EXACT_REUSE
CV27,303,ConfDupClean,ar,25772,2320,1026,53778,10606,54.144817583398414,POST_REVIEW_DIAGNOSTIC
CV27,303,ConfPerm,ar,25652,2347,1004,53778,10606,53.93097549183681,POST_REVIEW_DIAGNOSTIC
CV27,303,A_Conf,ar,25729,2349,1011,53778,10606,54.090892186395926,POST_REVIEW_DIAGNOSTIC
CV27,303,A_Global,ar,25547,2384,994,53778,10606,53.78593476886459,POST_REVIEW_DIAGNOSTIC
CV27,303,A_Text,ar,25129,2296,996,53778,10606,52.84874855889025,POST_REVIEW_DIAGNOSTIC
CV27,303,A_Text+Global,ar,25049,2303,991,53778,10606,52.70370783591803,POST_REVIEW_DIAGNOSTIC
CV27,303,B_Conf,ar,25657,2055,1164,53778,10606,53.69481944289486,POST_REVIEW_DIAGNOSTIC
CV27,303,B_Global,ar,25447,1995,1149,53778,10606,53.16486295511176,POST_REVIEW_DIAGNOSTIC
CV27,303,B_Text,ar,25483,1896,1184,53778,10606,53.112797054557625,POST_REVIEW_DIAGNOSTIC
CV27,303,B_Text+Global,ar,25411,1890,1831,53778,10606,54.170850533675484,POST_REVIEW_DIAGNOSTIC
CV27,303,Conf,fa,34942,7310,9268,73608,10755,69.99239213129007,EXACT_REUSE
CV27,303,Global,fa,34890,7398,9109,73608,10755,69.82529072926856,EXACT_REUSE
CV27,303,Text,fa,33962,7297,9122,73608,10755,68.44500597761113,EXACT_REUSE
CV27,303,Text+Global,fa,33966,7323,9110,73608,10755,68.4694598413216,EXACT_REUSE
CV27,303,ConfDupClean,fa,34943,7309,9268,73608,10755,69.99239213129007,POST_REVIEW_DIAGNOSTIC
CV27,303,ConfPerm,fa,34889,7398,9109,73608,10755,69.82393218128465,POST_REVIEW_DIAGNOSTIC
CV27,303,A_Conf,fa,34925,7391,9208,73608,10755,69.99782632322574,POST_REVIEW_DIAGNOSTIC
CV27,303,A_Global,fa,34837,7456,9172,73608,10755,69.91767199217476,POST_REVIEW_DIAGNOSTIC
CV27,303,A_Text,fa,34044,7288,9221,73608,10755,68.67867623084447,POST_REVIEW_DIAGNOSTIC
CV27,303,A_Text+Global,fa,34031,7301,9206,73608,10755,68.65829801108575,POST_REVIEW_DIAGNOSTIC
CV27,303,B_Conf,fa,35044,6545,10053,73608,10755,70.15813498532768,POST_REVIEW_DIAGNOSTIC
CV27,303,B_Global,fa,35003,6436,10112,73608,10755,70.03450711879144,POST_REVIEW_DIAGNOSTIC
CV27,303,B_Text,fa,33939,6672,9666,73608,10755,68.30371698728399,POST_REVIEW_DIAGNOSTIC
CV27,303,B_Text+Global,fa,33968,6576,12592,73608,10755,72.18780567329638,POST_REVIEW_DIAGNOSTIC
CV27,303,Conf,pl,10147,1748,1181,75267,10096,17.372819429497657,EXACT_REUSE
CV27,303,Global,pl,9933,1750,1141,75267,10096,17.038011346273933,EXACT_REUSE
CV27,303,Text,pl,8932,1679,1036,75267,10096,15.474245021058366,EXACT_REUSE
CV27,303,Text+Global,pl,8939,1674,1038,75267,10096,15.479559435077789,EXACT_REUSE
CV27,303,ConfDupClean,pl,10147,1748,1181,75267,10096,17.372819429497657,POST_REVIEW_DIAGNOSTIC
CV27,303,ConfPerm,pl,9931,1750,1141,75267,10096,17.035354139264218,POST_REVIEW_DIAGNOSTIC
CV27,303,A_Conf,pl,10121,1776,1150,75267,10096,17.33428992785683,POST_REVIEW_DIAGNOSTIC
CV27,303,A_Global,pl,9888,1776,1114,75267,10096,16.976895585050553,POST_REVIEW_DIAGNOSTIC
CV27,303,A_Text,pl,8948,1698,1040,75267,10096,15.526060557747751,POST_REVIEW_DIAGNOSTIC
CV27,303,A_Text+Global,pl,8934,1686,1040,75267,10096,15.491516866621494,POST_REVIEW_DIAGNOSTIC
CV27,303,B_Conf,pl,10063,1399,1402,75267,10096,17.091155486468175,POST_REVIEW_DIAGNOSTIC
CV27,303,B_Global,pl,9749,1312,1385,75267,10096,16.535799221438346,POST_REVIEW_DIAGNOSTIC
CV27,303,B_Text,pl,8551,1221,1210,75267,10096,14.590723690329096,POST_REVIEW_DIAGNOSTIC
CV27,303,B_Text+Global,pl,8604,1204,1231,75267,10096,14.666454090105889,POST_REVIEW_DIAGNOSTIC
CV27,303,Conf,tr,11888,2556,765,67100,11874,22.66616989567809,EXACT_REUSE
CV27,303,Global,tr,11744,2580,726,67100,11874,22.429210134128166,EXACT_REUSE
CV27,303,Text,tr,11149,2551,687,67100,11874,21.44113263785395,EXACT_REUSE
CV27,303,Text+Global,tr,11125,2556,679,67100,11874,21.400894187779432,EXACT_REUSE
CV27,303,ConfDupClean,tr,11888,2556,765,67100,11874,22.66616989567809,POST_REVIEW_DIAGNOSTIC
CV27,303,ConfPerm,tr,11742,2580,726,67100,11874,22.42622950819672,POST_REVIEW_DIAGNOSTIC
CV27,303,A_Conf,tr,11865,2586,744,67100,11874,22.64530551415797,POST_REVIEW_DIAGNOSTIC
CV27,303,A_Global,tr,11693,2607,712,67100,11874,22.372578241430702,POST_REVIEW_DIAGNOSTIC
CV27,303,A_Text,tr,10910,2537,691,67100,11874,21.07004470938897,POST_REVIEW_DIAGNOSTIC
CV27,303,A_Text+Global,tr,10918,2549,683,67100,11874,21.087928464977644,POST_REVIEW_DIAGNOSTIC
CV27,303,B_Conf,tr,11752,2203,958,67100,11874,22.225037257824145,POST_REVIEW_DIAGNOSTIC
CV27,303,B_Global,tr,11604,2130,929,67100,11874,21.852459016393443,POST_REVIEW_DIAGNOSTIC
CV27,303,B_Text,tr,11236,2167,878,67100,11874,21.283159463487333,POST_REVIEW_DIAGNOSTIC
CV27,303,B_Text+Global,tr,11173,2109,878,67100,11874,21.102831594634875,POST_REVIEW_DIAGNOSTIC
CV27,303,Conf,it,18013,2797,2235,149177,15183,15.448091864027296,EXACT_REUSE
CV27,303,Global,it,17855,2777,2197,149177,15183,15.3032974252063,EXACT_REUSE
CV27,303,Text,it,16438,2716,2035,149177,15183,14.203932241565388,EXACT_REUSE
CV27,303,Text+Global,it,16474,2693,2047,149177,15183,14.220690857169672,EXACT_REUSE
CV27,303,ConfDupClean,it,18013,2797,2235,149177,15183,15.448091864027296,POST_REVIEW_DIAGNOSTIC
CV27,303,ConfPerm,it,17852,2777,2197,149177,15183,15.301286391333784,POST_REVIEW_DIAGNOSTIC
CV27,303,A_Conf,it,17990,2877,2142,149177,15183,15.42395945755713,POST_REVIEW_DIAGNOSTIC
CV27,303,A_Global,it,17801,2839,2123,149177,15183,15.259054680010994,POST_REVIEW_DIAGNOSTIC
CV27,303,A_Text,it,16372,2716,1995,149177,15183,14.132875711403232,POST_REVIEW_DIAGNOSTIC
CV27,303,A_Text+Global,it,16434,2708,1986,149177,15183,14.16304121949094,POST_REVIEW_DIAGNOSTIC
CV27,303,B_Conf,it,17958,2260,2708,149177,15183,15.368320853750914,POST_REVIEW_DIAGNOSTIC
CV27,303,B_Global,it,17867,2150,2843,149177,15183,15.324078108555609,POST_REVIEW_DIAGNOSTIC
CV27,303,B_Text,it,15867,2088,2759,149177,15183,13.885518545084027,POST_REVIEW_DIAGNOSTIC
CV27,303,B_Text+Global,it,16033,2069,2808,149177,15183,14.0169060914216,POST_REVIEW_DIAGNOSTIC
