split,seed,label,unit,strategy,lang,S,D,I,N,records,WER,cost_component,cost_seconds
DEV,101,EXACT_REUSE,WER percent; S/D/I/N word counts,B5,ar,1298,91,33,5325,295,26.704225352112676,,
DEV,101,EXACT_REUSE,WER percent; S/D/I/N word counts,MBR,ar,1297,96,31,5325,295,26.741784037558684,,
DEV,101,EXACT_REUSE,WER percent; S/D/I/N word counts,CD-seq,ar,1382,93,33,5325,295,28.31924882629108,,
DEV,101,EXACT_REUSE,WER percent; S/D/I/N word counts,Conf,ar,1296,100,25,5325,295,26.685446009389672,,
DEV,101,EXACT_REUSE,WER percent; S/D/I/N word counts,Global,ar,1287,100,23,5325,295,26.47887323943662,,
DEV,101,EXACT_REUSE,WER percent; S/D/I/N word counts,Local,ar,1287,101,23,5325,295,26.497652582159624,,
DEV,101,EXACT_REUSE,WER percent; S/D/I/N word counts,Shuffled,ar,1299,100,25,5325,295,26.741784037558684,,
DEV,101,EXACT_REUSE,WER percent; S/D/I/N word counts,Oracle6,ar,1117,79,22,5325,295,22.87323943661972,,
DEV,101,EXACT_REUSE,WER percent; S/D/I/N word counts,G,ar,1377,93,33,5325,295,28.225352112676056,,
DEV,101,EXACT_REUSE,WER percent; S/D/I/N word counts,MWER-Conf,ar,1294,95,32,5325,295,26.685446009389672,,
DEV,101,EXACT_REUSE,WER percent; S/D/I/N word counts,MWER-Global,ar,1289,95,32,5325,295,26.591549295774648,,
DEV,101,APPENDED_FROZEN_TEXT_INFORMATION,WER percent; S/D/I/N word counts,Text,ar,1226,99,24,5325,295,25.333333333333332,,
DEV,101,APPENDED_FROZEN_TEXT_INFORMATION,WER percent; S/D/I/N word counts,Text+Global,ar,1226,99,24,5325,295,25.333333333333332,,
DEV,101,EXACT_REUSE,WER percent; S/D/I/N word counts,B5,fa,2131,312,499,8170,369,36.00979192166463,,
DEV,101,EXACT_REUSE,WER percent; S/D/I/N word counts,MBR,fa,2143,325,453,8170,369,35.752753977968176,,
DEV,101,EXACT_REUSE,WER percent; S/D/I/N word counts,CD-seq,fa,2197,331,460,8170,369,36.57282741738066,,
DEV,101,EXACT_REUSE,WER percent; S/D/I/N word counts,Conf,fa,2124,345,438,8170,369,35.58139534883721,,
DEV,101,EXACT_REUSE,WER percent; S/D/I/N word counts,Global,fa,2124,351,435,8170,369,35.618115055079556,,
DEV,101,EXACT_REUSE,WER percent; S/D/I/N word counts,Local,fa,2119,352,361,8170,369,34.663402692778455,,
DEV,101,EXACT_REUSE,WER percent; S/D/I/N word counts,Shuffled,fa,2124,345,438,8170,369,35.58139534883721,,
DEV,101,EXACT_REUSE,WER percent; S/D/I/N word counts,Oracle6,fa,1925,297,334,8170,369,31.28518971848225,,
DEV,101,EXACT_REUSE,WER percent; S/D/I/N word counts,G,fa,2233,349,377,8170,369,36.217870257037944,,
DEV,101,EXACT_REUSE,WER percent; S/D/I/N word counts,MWER-Conf,fa,2120,330,447,8170,369,35.45899632802938,,
DEV,101,EXACT_REUSE,WER percent; S/D/I/N word counts,MWER-Global,fa,2122,333,446,8170,369,35.50795593635251,,
DEV,101,APPENDED_FROZEN_TEXT_INFORMATION,WER percent; S/D/I/N word counts,Text,fa,2018,346,355,8170,369,33.280293757649936,,
DEV,101,APPENDED_FROZEN_TEXT_INFORMATION,WER percent; S/D/I/N word counts,Text+Global,fa,2025,346,353,8170,369,33.34149326805385,,
DEV,101,EXACT_REUSE,WER percent; S/D/I/N word counts,B5,pl,765,77,90,5938,338,15.695520377231391,,
DEV,101,EXACT_REUSE,WER percent; S/D/I/N word counts,MBR,pl,765,83,87,5938,338,15.746042438531491,,
DEV,101,EXACT_REUSE,WER percent; S/D/I/N word counts,CD-seq,pl,902,85,106,5938,338,18.406871000336814,,
DEV,101,EXACT_REUSE,WER percent; S/D/I/N word counts,Conf,pl,768,90,70,5938,338,15.628157628831257,,
DEV,101,EXACT_REUSE,WER percent; S/D/I/N word counts,Global,pl,759,90,70,5938,338,15.476591444930953,,
DEV,101,EXACT_REUSE,WER percent; S/D/I/N word counts,Local,pl,755,91,71,5938,338,15.442910070730886,,
DEV,101,EXACT_REUSE,WER percent; S/D/I/N word counts,Shuffled,pl,767,90,70,5938,338,15.611316941731223,,
DEV,101,EXACT_REUSE,WER percent; S/D/I/N word counts,Oracle6,pl,621,62,65,5938,338,12.596833950825193,,
DEV,101,EXACT_REUSE,WER percent; S/D/I/N word counts,G,pl,836,82,108,5938,338,17.278544964634555,,
DEV,101,EXACT_REUSE,WER percent; S/D/I/N word counts,MWER-Conf,pl,755,83,87,5938,338,15.577635567531155,,
DEV,101,EXACT_REUSE,WER percent; S/D/I/N word counts,MWER-Global,pl,752,80,83,5938,338,15.409228696530818,,
DEV,101,APPENDED_FROZEN_TEXT_INFORMATION,WER percent; S/D/I/N word counts,Text,pl,699,88,68,5938,338,14.398787470528797,,
DEV,101,APPENDED_FROZEN_TEXT_INFORMATION,WER percent; S/D/I/N word counts,Text+Global,pl,692,88,71,5938,338,14.331424722128663,,
DEV,101,EXACT_REUSE,WER percent; S/D/I/N word counts,B5,tr,637,71,76,5463,338,14.351089145158339,,
DEV,101,EXACT_REUSE,WER percent; S/D/I/N word counts,MBR,tr,643,74,72,5463,338,14.44261394838001,,
DEV,101,EXACT_REUSE,WER percent; S/D/I/N word counts,CD-seq,tr,740,86,85,5463,338,16.675819146988832,,
DEV,101,EXACT_REUSE,WER percent; S/D/I/N word counts,Conf,tr,648,83,66,5463,338,14.589053633534688,,
DEV,101,EXACT_REUSE,WER percent; S/D/I/N word counts,Global,tr,626,81,64,5463,338,14.113124656781988,,
DEV,101,EXACT_REUSE,WER percent; S/D/I/N word counts,Local,tr,630,81,64,5463,338,14.186344499359326,,
DEV,101,EXACT_REUSE,WER percent; S/D/I/N word counts,Shuffled,tr,648,83,66,5463,338,14.589053633534688,,
DEV,101,EXACT_REUSE,WER percent; S/D/I/N word counts,Oracle6,tr,511,57,55,5463,338,11.403990481420465,,
DEV,101,EXACT_REUSE,WER percent; S/D/I/N word counts,G,tr,707,84,83,5463,338,15.998535603148452,,
DEV,101,EXACT_REUSE,WER percent; S/D/I/N word counts,MWER-Conf,tr,631,69,73,5463,338,14.149734578070657,,
DEV,101,EXACT_REUSE,WER percent; S/D/I/N word counts,MWER-Global,tr,624,70,74,5463,338,14.058209774848985,,
DEV,101,APPENDED_FROZEN_TEXT_INFORMATION,WER percent; S/D/I/N word counts,Text,tr,579,76,64,5463,338,13.161266703276588,,
DEV,101,APPENDED_FROZEN_TEXT_INFORMATION,WER percent; S/D/I/N word counts,Text+Global,tr,581,77,63,5463,338,13.197876624565257,,
DEV,101,EXACT_REUSE,WER percent; S/D/I/N word counts,B5,it,499,95,66,8758,391,7.535967115779858,,
DEV,101,EXACT_REUSE,WER percent; S/D/I/N word counts,MBR,it,495,95,65,8758,391,7.478876455811829,,
DEV,101,EXACT_REUSE,WER percent; S/D/I/N word counts,CD-seq,it,650,150,94,8758,391,10.207810002283626,,
DEV,101,EXACT_REUSE,WER percent; S/D/I/N word counts,Conf,it,495,133,56,8758,391,7.810002283626399,,
DEV,101,EXACT_REUSE,WER percent; S/D/I/N word counts,Global,it,492,129,54,8758,391,7.7072390956839465,,
DEV,101,EXACT_REUSE,WER percent; S/D/I/N word counts,Local,it,486,127,52,8758,391,7.593057775747887,,
DEV,101,EXACT_REUSE,WER percent; S/D/I/N word counts,Shuffled,it,498,133,56,8758,391,7.844256679607216,,
DEV,101,EXACT_REUSE,WER percent; S/D/I/N word counts,Oracle6,it,360,72,40,8758,391,5.389358300981959,,
DEV,101,EXACT_REUSE,WER percent; S/D/I/N word counts,G,it,588,138,363,8758,391,12.434345741036767,,
DEV,101,EXACT_REUSE,WER percent; S/D/I/N word counts,MWER-Conf,it,499,102,66,8758,391,7.6158940397351,,
DEV,101,EXACT_REUSE,WER percent; S/D/I/N word counts,MWER-Global,it,485,97,67,8758,391,7.410367663850194,,
DEV,101,APPENDED_FROZEN_TEXT_INFORMATION,WER percent; S/D/I/N word counts,Text,it,433,137,50,8758,391,7.079241836035624,,
DEV,101,APPENDED_FROZEN_TEXT_INFORMATION,WER percent; S/D/I/N word counts,Text+Global,it,442,134,49,8758,391,7.136332496003654,,
DEV,101,EXACT_REUSE,macro WER percent,B5,MACRO,,,,,,20.059318782389376,,
DEV,101,EXACT_REUSE,macro WER percent,CD-seq,MACRO,,,,,,22.036515278656204,,
DEV,101,EXACT_REUSE,macro WER percent,Conf,MACRO,,,,,,20.058810980843848,,
DEV,101,EXACT_REUSE,macro WER percent,G,MACRO,,,,,,22.030929735706756,,
DEV,101,EXACT_REUSE,macro WER percent,Global,MACRO,,,,,,19.878788698382614,,
DEV,101,EXACT_REUSE,macro WER percent,Local,MACRO,,,,,,19.676673524155234,,
DEV,101,EXACT_REUSE,macro WER percent,MBR,MACRO,,,,,,20.03241417165004,,
DEV,101,EXACT_REUSE,macro WER percent,MWER-Conf,MACRO,,,,,,19.897541304551194,,
DEV,101,EXACT_REUSE,macro WER percent,MWER-Global,MACRO,,,,,,19.795462273471433,,
DEV,101,EXACT_REUSE,macro WER percent,Oracle6,MACRO,,,,,,16.709722377665916,,
DEV,101,EXACT_REUSE,macro WER percent,Shuffled,MACRO,,,,,,20.073561328253803,,
DEV,101,APPENDED_FROZEN_TEXT_INFORMATION,macro WER percent,Text,MACRO,,,,,,18.650584620164857,,
DEV,101,APPENDED_FROZEN_TEXT_INFORMATION,macro WER percent,Text+Global,MACRO,,,,,,18.66809208881695,,
DEV,202,EXACT_REUSE,WER percent; S/D/I/N word counts,B5,ar,1315,86,32,5325,295,26.910798122065728,,
DEV,202,EXACT_REUSE,WER percent; S/D/I/N word counts,MBR,ar,1322,86,32,5325,295,27.04225352112676,,
DEV,202,EXACT_REUSE,WER percent; S/D/I/N word counts,CD-seq,ar,1394,96,31,5325,295,28.56338028169014,,
DEV,202,EXACT_REUSE,WER percent; S/D/I/N word counts,Conf,ar,1329,95,29,5325,295,27.28638497652582,,
DEV,202,EXACT_REUSE,WER percent; S/D/I/N word counts,Global,ar,1311,93,28,5325,295,26.892018779342724,,
DEV,202,EXACT_REUSE,WER percent; S/D/I/N word counts,Local,ar,1314,93,28,5325,295,26.948356807511736,,
DEV,202,EXACT_REUSE,WER percent; S/D/I/N word counts,Shuffled,ar,1329,95,29,5325,295,27.28638497652582,,
DEV,202,EXACT_REUSE,WER percent; S/D/I/N word counts,Oracle6,ar,1156,74,24,5325,295,23.549295774647888,,
DEV,202,EXACT_REUSE,WER percent; S/D/I/N word counts,G,ar,1381,94,38,5325,295,28.413145539906104,,
DEV,202,EXACT_REUSE,WER percent; S/D/I/N word counts,MWER-Conf,ar,1319,90,30,5325,295,27.023474178403756,,
DEV,202,EXACT_REUSE,WER percent; S/D/I/N word counts,MWER-Global,ar,1313,87,29,5325,295,26.835680751173708,,
DEV,202,APPENDED_FROZEN_TEXT_INFORMATION,WER percent; S/D/I/N word counts,Text,ar,1249,87,27,5325,295,25.5962441314554,,
DEV,202,APPENDED_FROZEN_TEXT_INFORMATION,WER percent; S/D/I/N word counts,Text+Global,ar,1247,87,27,5325,295,25.558685446009388,,
DEV,202,EXACT_REUSE,WER percent; S/D/I/N word counts,B5,fa,2152,304,407,8170,369,35.04283965728274,,
DEV,202,EXACT_REUSE,WER percent; S/D/I/N word counts,MBR,fa,2166,302,412,8170,369,35.250917992656056,,
DEV,202,EXACT_REUSE,WER percent; S/D/I/N word counts,CD-seq,fa,2247,307,414,8170,369,36.32802937576499,,
DEV,202,EXACT_REUSE,WER percent; S/D/I/N word counts,Conf,fa,2164,321,399,8170,369,35.299877600979194,,
DEV,202,EXACT_REUSE,WER percent; S/D/I/N word counts,Global,fa,2151,325,397,8170,369,35.165238678090574,,
DEV,202,EXACT_REUSE,WER percent; S/D/I/N word counts,Local,fa,2153,327,397,8170,369,35.21419828641371,,
DEV,202,EXACT_REUSE,WER percent; S/D/I/N word counts,Shuffled,fa,2161,320,399,8170,369,35.250917992656056,,
DEV,202,EXACT_REUSE,WER percent; S/D/I/N word counts,Oracle6,fa,1946,270,373,8170,369,31.689106487148102,,
DEV,202,EXACT_REUSE,WER percent; S/D/I/N word counts,G,fa,2258,321,430,8170,369,36.82986536107711,,
DEV,202,EXACT_REUSE,WER percent; S/D/I/N word counts,MWER-Conf,fa,2144,303,415,8170,369,35.03059975520196,,
DEV,202,EXACT_REUSE,WER percent; S/D/I/N word counts,MWER-Global,fa,2137,296,415,8170,369,34.85924112607099,,
DEV,202,APPENDED_FROZEN_TEXT_INFORMATION,WER percent; S/D/I/N word counts,Text,fa,2055,320,402,8170,369,33.99020807833537,,
DEV,202,APPENDED_FROZEN_TEXT_INFORMATION,WER percent; S/D/I/N word counts,Text+Global,fa,2054,320,400,8170,369,33.95348837209303,,
DEV,202,EXACT_REUSE,WER percent; S/D/I/N word counts,B5,pl,724,67,89,5938,338,14.81980464802964,,
DEV,202,EXACT_REUSE,WER percent; S/D/I/N word counts,MBR,pl,738,69,84,5938,338,15.00505220613001,,
DEV,202,EXACT_REUSE,WER percent; S/D/I/N word counts,CD-seq,pl,861,93,116,5938,338,18.01953519703604,,
DEV,202,EXACT_REUSE,WER percent; S/D/I/N word counts,Conf,pl,732,82,80,5938,338,15.055574267430112,,
DEV,202,EXACT_REUSE,WER percent; S/D/I/N word counts,Global,pl,718,79,80,5938,338,14.769282586729538,,
DEV,202,EXACT_REUSE,WER percent; S/D/I/N word counts,Local,pl,730,81,80,5938,338,15.00505220613001,,
DEV,202,EXACT_REUSE,WER percent; S/D/I/N word counts,Shuffled,pl,727,83,80,5938,338,14.988211519029976,,
DEV,202,EXACT_REUSE,WER percent; S/D/I/N word counts,Oracle6,pl,583,54,74,5938,338,11.973728528123948,,
DEV,202,EXACT_REUSE,WER percent; S/D/I/N word counts,G,pl,819,82,129,5938,338,17.34590771303469,,
DEV,202,EXACT_REUSE,WER percent; S/D/I/N word counts,MWER-Conf,pl,731,70,82,5938,338,14.87032670932974,,
DEV,202,EXACT_REUSE,WER percent; S/D/I/N word counts,MWER-Global,pl,722,68,82,5938,338,14.68507915122937,,
DEV,202,APPENDED_FROZEN_TEXT_INFORMATION,WER percent; S/D/I/N word counts,Text,pl,668,79,77,5938,338,13.876726170427753,,
DEV,202,APPENDED_FROZEN_TEXT_INFORMATION,WER percent; S/D/I/N word counts,Text+Global,pl,669,78,78,5938,338,13.893566857527787,,
DEV,202,EXACT_REUSE,WER percent; S/D/I/N word counts,B5,tr,632,72,73,5463,338,14.222954420647996,,
DEV,202,EXACT_REUSE,WER percent; S/D/I/N word counts,MBR,tr,632,74,69,5463,338,14.186344499359326,,
DEV,202,EXACT_REUSE,WER percent; S/D/I/N word counts,CD-seq,tr,730,85,82,5463,338,16.41954969796815,,
DEV,202,EXACT_REUSE,WER percent; S/D/I/N word counts,Conf,tr,636,85,63,5463,338,14.351089145158339,,
DEV,202,EXACT_REUSE,WER percent; S/D/I/N word counts,Global,tr,629,83,62,5463,338,14.168039538714991,,
DEV,202,EXACT_REUSE,WER percent; S/D/I/N word counts,Local,tr,627,83,63,5463,338,14.149734578070657,,
DEV,202,EXACT_REUSE,WER percent; S/D/I/N word counts,Shuffled,tr,636,85,63,5463,338,14.351089145158339,,
DEV,202,EXACT_REUSE,WER percent; S/D/I/N word counts,Oracle6,tr,490,62,56,5463,338,11.129416071755445,,
DEV,202,EXACT_REUSE,WER percent; S/D/I/N word counts,G,tr,707,81,86,5463,338,15.998535603148452,,
DEV,202,EXACT_REUSE,WER percent; S/D/I/N word counts,MWER-Conf,tr,638,74,69,5463,338,14.296174263225334,,
DEV,202,EXACT_REUSE,WER percent; S/D/I/N word counts,MWER-Global,tr,636,75,70,5463,338,14.296174263225334,,
DEV,202,APPENDED_FROZEN_TEXT_INFORMATION,WER percent; S/D/I/N word counts,Text,tr,569,80,58,5463,338,12.941607175544572,,
DEV,202,APPENDED_FROZEN_TEXT_INFORMATION,WER percent; S/D/I/N word counts,Text+Global,tr,571,80,59,5463,338,12.996522057477577,,
DEV,202,EXACT_REUSE,WER percent; S/D/I/N word counts,B5,it,520,92,69,8758,391,7.775747887645581,,
DEV,202,EXACT_REUSE,WER percent; S/D/I/N word counts,MBR,it,514,93,65,8758,391,7.672984699703129,,
DEV,202,EXACT_REUSE,WER percent; S/D/I/N word counts,CD-seq,it,670,125,104,8758,391,10.264900662251655,,
DEV,202,EXACT_REUSE,WER percent; S/D/I/N word counts,Conf,it,504,105,55,8758,391,7.581639643754282,,
DEV,202,EXACT_REUSE,WER percent; S/D/I/N word counts,Global,it,512,103,54,8758,391,7.638730303722311,,
DEV,202,EXACT_REUSE,WER percent; S/D/I/N word counts,Local,it,505,104,54,8758,391,7.570221511760676,,
DEV,202,EXACT_REUSE,WER percent; S/D/I/N word counts,Shuffled,it,506,106,55,8758,391,7.6158940397351,,
DEV,202,EXACT_REUSE,WER percent; S/D/I/N word counts,Oracle6,it,362,77,38,8758,391,5.446448960949988,,
DEV,202,EXACT_REUSE,WER percent; S/D/I/N word counts,G,it,568,93,98,8758,391,8.666362183146838,,
DEV,202,EXACT_REUSE,WER percent; S/D/I/N word counts,MWER-Conf,it,512,93,65,8758,391,7.650148435715917,,
DEV,202,EXACT_REUSE,WER percent; S/D/I/N word counts,MWER-Global,it,510,92,66,8758,391,7.627312171728705,,
DEV,202,APPENDED_FROZEN_TEXT_INFORMATION,WER percent; S/D/I/N word counts,Text,it,419,99,45,8758,391,6.428408312400092,,
DEV,202,APPENDED_FROZEN_TEXT_INFORMATION,WER percent; S/D/I/N word counts,Text+Global,it,417,96,45,8758,391,6.3713176524320625,,
DEV,202,EXACT_REUSE,macro WER percent,B5,MACRO,,,,,,19.754428947134336,,
DEV,202,EXACT_REUSE,macro WER percent,CD-seq,MACRO,,,,,,21.919079042942194,,
DEV,202,EXACT_REUSE,macro WER percent,Conf,MACRO,,,,,,19.91491312676955,,
DEV,202,EXACT_REUSE,macro WER percent,G,MACRO,,,,,,21.45076328006264,,
DEV,202,EXACT_REUSE,macro WER percent,Global,MACRO,,,,,,19.726661977320028,,
DEV,202,EXACT_REUSE,macro WER percent,Local,MACRO,,,,,,19.77751267797736,,
DEV,202,EXACT_REUSE,macro WER percent,MBR,MACRO,,,,,,19.83151058379506,,
DEV,202,EXACT_REUSE,macro WER percent,MWER-Conf,MACRO,,,,,,19.774144668375346,,
DEV,202,EXACT_REUSE,macro WER percent,MWER-Global,MACRO,,,,,,19.66069749268562,,
DEV,202,EXACT_REUSE,macro WER percent,Oracle6,MACRO,,,,,,16.757599164525075,,
DEV,202,EXACT_REUSE,macro WER percent,Shuffled,MACRO,,,,,,19.89849953462106,,
DEV,202,APPENDED_FROZEN_TEXT_INFORMATION,macro WER percent,Text,MACRO,,,,,,18.56663877363264,,
DEV,202,APPENDED_FROZEN_TEXT_INFORMATION,macro WER percent,Text+Global,MACRO,,,,,,18.55471607710797,,
DEV,303,EXACT_REUSE,WER percent; S/D/I/N word counts,B5,ar,1296,83,39,5325,295,26.629107981220656,,
DEV,303,EXACT_REUSE,WER percent; S/D/I/N word counts,MBR,ar,1296,87,38,5325,295,26.685446009389672,,
DEV,303,EXACT_REUSE,WER percent; S/D/I/N word counts,CD-seq,ar,1383,91,37,5325,295,28.375586854460092,,
DEV,303,EXACT_REUSE,WER percent; S/D/I/N word counts,Conf,ar,1303,90,34,5325,295,26.7981220657277,,
DEV,303,EXACT_REUSE,WER percent; S/D/I/N word counts,Global,ar,1298,90,33,5325,295,26.685446009389672,,
DEV,303,EXACT_REUSE,WER percent; S/D/I/N word counts,Local,ar,1300,90,33,5325,295,26.72300469483568,,
DEV,303,EXACT_REUSE,WER percent; S/D/I/N word counts,Shuffled,ar,1302,90,34,5325,295,26.779342723004696,,
DEV,303,EXACT_REUSE,WER percent; S/D/I/N word counts,Oracle6,ar,1131,71,30,5325,295,23.136150234741784,,
DEV,303,EXACT_REUSE,WER percent; S/D/I/N word counts,G,ar,1379,91,43,5325,295,28.413145539906104,,
DEV,303,EXACT_REUSE,WER percent; S/D/I/N word counts,MWER-Conf,ar,1291,87,38,5325,295,26.591549295774648,,
DEV,303,EXACT_REUSE,WER percent; S/D/I/N word counts,MWER-Global,ar,1283,87,37,5325,295,26.422535211267604,,
DEV,303,APPENDED_FROZEN_TEXT_INFORMATION,WER percent; S/D/I/N word counts,Text,ar,1240,89,32,5325,295,25.558685446009388,,
DEV,303,APPENDED_FROZEN_TEXT_INFORMATION,WER percent; S/D/I/N word counts,Text+Global,ar,1234,90,32,5325,295,25.464788732394368,,
DEV,303,EXACT_REUSE,WER percent; S/D/I/N word counts,B5,fa,2119,333,318,8170,369,33.90452876376989,,
DEV,303,EXACT_REUSE,WER percent; S/D/I/N word counts,MBR,fa,2141,336,388,8170,369,35.067319461444306,,
DEV,303,EXACT_REUSE,WER percent; S/D/I/N word counts,CD-seq,fa,2234,327,396,8170,369,36.19339045287638,,
DEV,303,EXACT_REUSE,WER percent; S/D/I/N word counts,Conf,fa,2141,350,290,8170,369,34.03916768665851,,
DEV,303,EXACT_REUSE,WER percent; S/D/I/N word counts,Global,fa,2127,351,288,8170,369,33.85556915544676,,
DEV,303,EXACT_REUSE,WER percent; S/D/I/N word counts,Local,fa,2129,354,289,8170,369,33.929008567931454,,
DEV,303,EXACT_REUSE,WER percent; S/D/I/N word counts,Shuffled,fa,2140,351,290,8170,369,34.03916768665851,,
DEV,303,EXACT_REUSE,WER percent; S/D/I/N word counts,Oracle6,fa,1936,298,272,8170,369,30.673194614443084,,
DEV,303,EXACT_REUSE,WER percent; S/D/I/N word counts,G,fa,2240,346,402,8170,369,36.57282741738066,,
DEV,303,EXACT_REUSE,WER percent; S/D/I/N word counts,MWER-Conf,fa,2125,341,391,8170,369,34.96940024479804,,
DEV,303,EXACT_REUSE,WER percent; S/D/I/N word counts,MWER-Global,fa,2120,339,390,8170,369,34.87148102815178,,
DEV,303,APPENDED_FROZEN_TEXT_INFORMATION,WER percent; S/D/I/N word counts,Text,fa,2052,347,289,8170,369,32.90085679314566,,
DEV,303,APPENDED_FROZEN_TEXT_INFORMATION,WER percent; S/D/I/N word counts,Text+Global,fa,2049,348,289,8170,369,32.87637698898409,,
DEV,303,EXACT_REUSE,WER percent; S/D/I/N word counts,B5,pl,752,71,85,5938,338,15.291343886830584,,
DEV,303,EXACT_REUSE,WER percent; S/D/I/N word counts,MBR,pl,756,74,83,5938,338,15.375547322330751,,
DEV,303,EXACT_REUSE,WER percent; S/D/I/N word counts,CD-seq,pl,894,96,103,5938,338,18.406871000336814,,
DEV,303,EXACT_REUSE,WER percent; S/D/I/N word counts,Conf,pl,745,83,70,5938,338,15.122937015830246,,
DEV,303,EXACT_REUSE,WER percent; S/D/I/N word counts,Global,pl,736,84,68,5938,338,14.95453014482991,,
DEV,303,EXACT_REUSE,WER percent; S/D/I/N word counts,Local,pl,739,83,66,5938,338,14.95453014482991,,
DEV,303,EXACT_REUSE,WER percent; S/D/I/N word counts,Shuffled,pl,750,84,70,5938,338,15.223981138430448,,
DEV,303,EXACT_REUSE,WER percent; S/D/I/N word counts,Oracle6,pl,610,58,62,5938,338,12.293701583024587,,
DEV,303,EXACT_REUSE,WER percent; S/D/I/N word counts,G,pl,821,79,98,5938,338,16.807005725833616,,
DEV,303,EXACT_REUSE,WER percent; S/D/I/N word counts,MWER-Conf,pl,750,74,82,5938,338,15.257662512630516,,
DEV,303,EXACT_REUSE,WER percent; S/D/I/N word counts,MWER-Global,pl,732,72,81,5938,338,14.904008083529808,,
DEV,303,APPENDED_FROZEN_TEXT_INFORMATION,WER percent; S/D/I/N word counts,Text,pl,690,80,68,5938,338,14.112495789828225,,
DEV,303,APPENDED_FROZEN_TEXT_INFORMATION,WER percent; S/D/I/N word counts,Text+Global,pl,689,79,67,5938,338,14.061973728528123,,
DEV,303,EXACT_REUSE,WER percent; S/D/I/N word counts,B5,tr,646,73,78,5463,338,14.589053633534688,,
DEV,303,EXACT_REUSE,WER percent; S/D/I/N word counts,MBR,tr,653,73,74,5463,338,14.643968515467693,,
DEV,303,EXACT_REUSE,WER percent; S/D/I/N word counts,CD-seq,tr,719,83,77,5463,338,16.090060406370128,,
DEV,303,EXACT_REUSE,WER percent; S/D/I/N word counts,Conf,tr,654,87,67,5463,338,14.790408200622368,,
DEV,303,EXACT_REUSE,WER percent; S/D/I/N word counts,Global,tr,639,90,65,5463,338,14.534138751601684,,
DEV,303,EXACT_REUSE,WER percent; S/D/I/N word counts,Local,tr,641,90,65,5463,338,14.570748672890353,,
DEV,303,EXACT_REUSE,WER percent; S/D/I/N word counts,Shuffled,tr,656,87,68,5463,338,14.845323082555373,,
DEV,303,EXACT_REUSE,WER percent; S/D/I/N word counts,Oracle6,tr,511,58,59,5463,338,11.495515284642138,,
DEV,303,EXACT_REUSE,WER percent; S/D/I/N word counts,G,tr,710,83,81,5463,338,15.998535603148452,,
DEV,303,EXACT_REUSE,WER percent; S/D/I/N word counts,MWER-Conf,tr,647,74,77,5463,338,14.607358594179022,,
DEV,303,EXACT_REUSE,WER percent; S/D/I/N word counts,MWER-Global,tr,645,74,79,5463,338,14.607358594179022,,
DEV,303,APPENDED_FROZEN_TEXT_INFORMATION,WER percent; S/D/I/N word counts,Text,tr,588,82,64,5463,338,13.435841112941608,,
DEV,303,APPENDED_FROZEN_TEXT_INFORMATION,WER percent; S/D/I/N word counts,Text+Global,tr,584,82,63,5463,338,13.344316309719934,,
DEV,303,EXACT_REUSE,WER percent; S/D/I/N word counts,B5,it,493,95,59,8758,391,7.387531399862983,,
DEV,303,EXACT_REUSE,WER percent; S/D/I/N word counts,MBR,it,504,98,59,8758,391,7.547385247773464,,
DEV,303,EXACT_REUSE,WER percent; S/D/I/N word counts,CD-seq,it,659,122,79,8758,391,9.819593514501028,,
DEV,303,EXACT_REUSE,WER percent; S/D/I/N word counts,Conf,it,502,105,47,8758,391,7.4674583238182235,,
DEV,303,EXACT_REUSE,WER percent; S/D/I/N word counts,Global,it,486,102,46,8758,391,7.239095683946107,,
DEV,303,EXACT_REUSE,WER percent; S/D/I/N word counts,Local,it,489,102,47,8758,391,7.28476821192053,,
DEV,303,EXACT_REUSE,WER percent; S/D/I/N word counts,Shuffled,it,501,105,47,8758,391,7.456040191824617,,
DEV,303,EXACT_REUSE,WER percent; S/D/I/N word counts,Oracle6,it,357,77,40,8758,391,5.412194564969171,,
DEV,303,EXACT_REUSE,WER percent; S/D/I/N word counts,G,it,608,100,742,8758,391,16.556291390728475,,
DEV,303,EXACT_REUSE,WER percent; S/D/I/N word counts,MWER-Conf,it,495,96,59,8758,391,7.4217857958438,,
DEV,303,EXACT_REUSE,WER percent; S/D/I/N word counts,MWER-Global,it,493,96,57,8758,391,7.376113267869377,,
DEV,303,APPENDED_FROZEN_TEXT_INFORMATION,WER percent; S/D/I/N word counts,Text,it,434,105,46,8758,391,6.67960721625942,,
DEV,303,APPENDED_FROZEN_TEXT_INFORMATION,WER percent; S/D/I/N word counts,Text+Global,it,431,102,44,8758,391,6.588262160310573,,
DEV,303,EXACT_REUSE,macro WER percent,B5,MACRO,,,,,,19.56031313304376,,
DEV,303,EXACT_REUSE,macro WER percent,CD-seq,MACRO,,,,,,21.77710044570889,,
DEV,303,EXACT_REUSE,macro WER percent,Conf,MACRO,,,,,,19.64361865853141,,
DEV,303,EXACT_REUSE,macro WER percent,G,MACRO,,,,,,22.86956113539946,,
DEV,303,EXACT_REUSE,macro WER percent,Global,MACRO,,,,,,19.453755949042826,,
DEV,303,EXACT_REUSE,macro WER percent,Local,MACRO,,,,,,19.492412058481587,,
DEV,303,EXACT_REUSE,macro WER percent,MBR,MACRO,,,,,,19.863933311281176,,
DEV,303,EXACT_REUSE,macro WER percent,MWER-Conf,MACRO,,,,,,19.769551288645204,,
DEV,303,EXACT_REUSE,macro WER percent,MWER-Global,MACRO,,,,,,19.636299236999513,,
DEV,303,EXACT_REUSE,macro WER percent,Oracle6,MACRO,,,,,,16.602151256364152,,
DEV,303,EXACT_REUSE,macro WER percent,Shuffled,MACRO,,,,,,19.668770964494726,,
DEV,303,APPENDED_FROZEN_TEXT_INFORMATION,macro WER percent,Text,MACRO,,,,,,18.53749727163686,,
DEV,303,APPENDED_FROZEN_TEXT_INFORMATION,macro WER percent,Text+Global,MACRO,,,,,,18.467143583987415,,
TEST,101,EXACT_REUSE,WER percent; S/D/I/N word counts,B5,ar,1886,133,72,8007,428,26.11464968152866,,
TEST,101,EXACT_REUSE,WER percent; S/D/I/N word counts,MBR,ar,1900,137,73,8007,428,26.35194205070563,,
TEST,101,EXACT_REUSE,WER percent; S/D/I/N word counts,CD-seq,ar,2036,136,75,8007,428,28.062944923192205,,
TEST,101,EXACT_REUSE,WER percent; S/D/I/N word counts,Conf,ar,1893,139,65,8007,428,26.189584113900338,,
TEST,101,EXACT_REUSE,WER percent; S/D/I/N word counts,Global,ar,1885,140,64,8007,428,26.089671537404772,,
TEST,101,EXACT_REUSE,WER percent; S/D/I/N word counts,Local,ar,1888,140,64,8007,428,26.127138753590607,,
TEST,101,EXACT_REUSE,WER percent; S/D/I/N word counts,Oracle6,ar,1675,121,60,8007,428,23.1797177469714,,
TEST,101,EXACT_REUSE,WER percent; S/D/I/N word counts,G,ar,2045,142,75,8007,428,28.250281004121394,,
TEST,101,EXACT_REUSE,WER percent; S/D/I/N word counts,MWER-Conf,ar,1887,135,69,8007,428,26.11464968152866,,
TEST,101,EXACT_REUSE,WER percent; S/D/I/N word counts,MWER-Global,ar,1874,135,68,8007,428,25.939802672661422,,
TEST,101,APPENDED_FROZEN_TEXT_INFORMATION,WER percent; S/D/I/N word counts,Text,ar,1795,136,66,8007,428,24.940676907705758,,
TEST,101,APPENDED_FROZEN_TEXT_INFORMATION,WER percent; S/D/I/N word counts,Text+Global,ar,1794,136,63,8007,428,24.890720619457973,,
TEST,101,EXACT_REUSE,WER percent; S/D/I/N word counts,B5,fa,5031,672,629,20113,871,31.482125988166857,,
TEST,101,EXACT_REUSE,WER percent; S/D/I/N word counts,MBR,fa,5041,693,628,20113,871,31.631283249639537,,
TEST,101,EXACT_REUSE,WER percent; S/D/I/N word counts,CD-seq,fa,5228,713,640,20113,871,32.7201312583901,,
TEST,101,EXACT_REUSE,WER percent; S/D/I/N word counts,Conf,fa,5020,741,583,20113,871,31.54178889275593,,
TEST,101,EXACT_REUSE,WER percent; S/D/I/N word counts,Global,fa,5015,744,579,20113,871,31.511957440461394,,
TEST,101,EXACT_REUSE,WER percent; S/D/I/N word counts,Local,fa,5008,744,579,20113,871,31.4771540794511,,
TEST,101,EXACT_REUSE,WER percent; S/D/I/N word counts,Oracle6,fa,4532,613,545,20113,871,28.290160592651517,,
TEST,101,EXACT_REUSE,WER percent; S/D/I/N word counts,G,fa,5283,713,637,20113,871,32.97867051160941,,
TEST,101,EXACT_REUSE,WER percent; S/D/I/N word counts,MWER-Conf,fa,5018,685,621,20113,871,31.44235071844081,,
TEST,101,EXACT_REUSE,WER percent; S/D/I/N word counts,MWER-Global,fa,5006,689,615,20113,871,31.372743996420226,,
TEST,101,APPENDED_FROZEN_TEXT_INFORMATION,WER percent; S/D/I/N word counts,Text,fa,4797,746,562,20113,871,30.35350270969025,,
TEST,101,APPENDED_FROZEN_TEXT_INFORMATION,WER percent; S/D/I/N word counts,Text+Global,fa,4801,747,563,20113,871,30.383334161984784,,
TEST,101,EXACT_REUSE,WER percent; S/D/I/N word counts,B5,pl,1759,195,205,14380,758,15.013908205841446,,
TEST,101,EXACT_REUSE,WER percent; S/D/I/N word counts,MBR,pl,1770,205,207,14380,758,15.173852573018081,,
TEST,101,EXACT_REUSE,WER percent; S/D/I/N word counts,CD-seq,pl,2078,229,231,14380,758,17.64951321279555,,
TEST,101,EXACT_REUSE,WER percent; S/D/I/N word counts,Conf,pl,1772,221,175,14380,758,15.076495132127956,,
TEST,101,EXACT_REUSE,WER percent; S/D/I/N word counts,Global,pl,1758,219,172,14380,758,14.944367176634215,,
TEST,101,EXACT_REUSE,WER percent; S/D/I/N word counts,Local,pl,1765,219,171,14380,758,14.986091794158554,,
TEST,101,EXACT_REUSE,WER percent; S/D/I/N word counts,Oracle6,pl,1470,161,160,14380,758,12.454798331015299,,
TEST,101,EXACT_REUSE,WER percent; S/D/I/N word counts,G,pl,1966,209,241,14380,758,16.801112656467314,,
TEST,101,EXACT_REUSE,WER percent; S/D/I/N word counts,MWER-Conf,pl,1759,206,202,14380,758,15.069541029207233,,
TEST,101,EXACT_REUSE,WER percent; S/D/I/N word counts,MWER-Global,pl,1750,206,198,14380,758,14.979137691237831,,
TEST,101,APPENDED_FROZEN_TEXT_INFORMATION,WER percent; S/D/I/N word counts,Text,pl,1640,211,165,14380,758,14.019471488178025,,
TEST,101,APPENDED_FROZEN_TEXT_INFORMATION,WER percent; S/D/I/N word counts,Text+Global,pl,1643,212,162,14380,758,14.026425591098748,,
TEST,101,EXACT_REUSE,WER percent; S/D/I/N word counts,B5,tr,1409,127,155,12963,743,13.044819871943224,,
TEST,101,EXACT_REUSE,WER percent; S/D/I/N word counts,MBR,tr,1420,134,146,12963,743,13.114248245005014,,
TEST,101,EXACT_REUSE,WER percent; S/D/I/N word counts,CD-seq,tr,1684,148,162,12963,743,15.382241765023528,,
TEST,101,EXACT_REUSE,WER percent; S/D/I/N word counts,Conf,tr,1414,157,133,12963,743,13.145105299699143,,
TEST,101,EXACT_REUSE,WER percent; S/D/I/N word counts,Global,tr,1401,160,129,12963,743,13.037105608269691,,
TEST,101,EXACT_REUSE,WER percent; S/D/I/N word counts,Local,tr,1406,159,132,12963,743,13.091105453984417,,
TEST,101,EXACT_REUSE,WER percent; S/D/I/N word counts,Oracle6,tr,1098,98,115,12963,743,10.113399676000926,,
TEST,101,EXACT_REUSE,WER percent; S/D/I/N word counts,G,tr,1588,141,162,12963,743,14.587672606649695,,
TEST,101,EXACT_REUSE,WER percent; S/D/I/N word counts,MWER-Conf,tr,1411,131,147,12963,743,13.029391344596158,,
TEST,101,EXACT_REUSE,WER percent; S/D/I/N word counts,MWER-Global,tr,1378,134,148,12963,743,12.80567769806372,,
TEST,101,APPENDED_FROZEN_TEXT_INFORMATION,WER percent; S/D/I/N word counts,Text,tr,1272,149,122,12963,743,11.903108848260434,,
TEST,101,APPENDED_FROZEN_TEXT_INFORMATION,WER percent; S/D/I/N word counts,Text+Global,tr,1273,153,125,12963,743,11.964822957648693,,
TEST,101,EXACT_REUSE,WER percent; S/D/I/N word counts,B5,it,1110,260,159,20701,865,7.386116612724023,,
TEST,101,EXACT_REUSE,WER percent; S/D/I/N word counts,MBR,it,1119,259,147,20701,865,7.366793874692044,,
TEST,101,EXACT_REUSE,WER percent; S/D/I/N word counts,CD-seq,it,1377,304,230,20701,865,9.23143809477803,,
TEST,101,EXACT_REUSE,WER percent; S/D/I/N word counts,Conf,it,1106,285,128,20701,865,7.337809767644075,,
TEST,101,EXACT_REUSE,WER percent; S/D/I/N word counts,Global,it,1090,291,124,20701,865,7.2701801845321485,,
TEST,101,EXACT_REUSE,WER percent; S/D/I/N word counts,Local,it,1088,289,126,20701,865,7.260518815516159,,
TEST,101,EXACT_REUSE,WER percent; S/D/I/N word counts,Oracle6,it,807,192,102,20701,865,5.318583643302256,,
TEST,101,EXACT_REUSE,WER percent; S/D/I/N word counts,G,it,1372,244,884,20701,865,12.076711269986957,,
TEST,101,EXACT_REUSE,WER percent; S/D/I/N word counts,MWER-Conf,it,1111,262,150,20701,865,7.357132505676054,,
TEST,101,EXACT_REUSE,WER percent; S/D/I/N word counts,MWER-Global,it,1095,258,150,20701,865,7.260518815516159,,
TEST,101,APPENDED_FROZEN_TEXT_INFORMATION,WER percent; S/D/I/N word counts,Text,it,973,283,120,20701,865,6.647021883000821,,
TEST,101,APPENDED_FROZEN_TEXT_INFORMATION,WER percent; S/D/I/N word counts,Text+Global,it,976,284,123,20701,865,6.680836674556785,,
TEST,101,EXACT_REUSE,macro WER percent,B5,MACRO,,,,,,18.60832407204084,,
TEST,101,EXACT_REUSE,macro WER percent,CD-seq,MACRO,,,,,,20.60925385083588,,
TEST,101,EXACT_REUSE,macro WER percent,Conf,MACRO,,,,,,18.65815664122549,,
TEST,101,EXACT_REUSE,macro WER percent,G,MACRO,,,,,,20.938889609766953,,
TEST,101,EXACT_REUSE,macro WER percent,Global,MACRO,,,,,,18.570656389460446,,
TEST,101,EXACT_REUSE,macro WER percent,Local,MACRO,,,,,,18.588401779340167,,
TEST,101,EXACT_REUSE,macro WER percent,MBR,MACRO,,,,,,18.727623998612064,,
TEST,101,EXACT_REUSE,macro WER percent,MWER-Conf,MACRO,,,,,,18.602613055889783,,
TEST,101,EXACT_REUSE,macro WER percent,MWER-Global,MACRO,,,,,,18.471576174779873,,
TEST,101,EXACT_REUSE,macro WER percent,Oracle6,MACRO,,,,,,15.871331997988282,,
TEST,101,APPENDED_FROZEN_TEXT_INFORMATION,macro WER percent,Text,MACRO,,,,,,17.572756367367056,,
TEST,101,APPENDED_FROZEN_TEXT_INFORMATION,macro WER percent,Text+Global,MACRO,,,,,,17.589228000949397,,
TEST,202,EXACT_REUSE,WER percent; S/D/I/N word counts,B5,ar,1885,123,200,8007,428,27.57587111277632,,
TEST,202,EXACT_REUSE,WER percent; S/D/I/N word counts,MBR,ar,1903,128,199,8007,428,27.850630698139128,,
TEST,202,EXACT_REUSE,WER percent; S/D/I/N word counts,CD-seq,ar,2026,133,204,8007,428,29.51167728237792,,
TEST,202,EXACT_REUSE,WER percent; S/D/I/N word counts,Conf,ar,1898,136,196,8007,428,27.850630698139128,,
TEST,202,EXACT_REUSE,WER percent; S/D/I/N word counts,Global,ar,1891,136,197,8007,428,27.775696265767454,,
TEST,202,EXACT_REUSE,WER percent; S/D/I/N word counts,Local,ar,1892,135,195,8007,428,27.750718121643562,,
TEST,202,EXACT_REUSE,WER percent; S/D/I/N word counts,Oracle6,ar,1660,114,189,8007,428,24.5160484575996,,
TEST,202,EXACT_REUSE,WER percent; S/D/I/N word counts,G,ar,2014,128,207,8007,428,29.336830273510678,,
TEST,202,EXACT_REUSE,WER percent; S/D/I/N word counts,MWER-Conf,ar,1876,132,198,8007,428,27.55089296865243,,
TEST,202,EXACT_REUSE,WER percent; S/D/I/N word counts,MWER-Global,ar,1869,129,197,8007,428,27.413513175971026,,
TEST,202,APPENDED_FROZEN_TEXT_INFORMATION,WER percent; S/D/I/N word counts,Text,ar,1798,134,191,8007,428,26.514299987510928,,
TEST,202,APPENDED_FROZEN_TEXT_INFORMATION,WER percent; S/D/I/N word counts,Text+Global,ar,1796,133,191,8007,428,26.47683277132509,,
TEST,202,EXACT_REUSE,WER percent; S/D/I/N word counts,B5,fa,5020,695,694,20113,871,31.864962959280067,,
TEST,202,EXACT_REUSE,WER percent; S/D/I/N word counts,MBR,fa,5029,718,687,20113,871,31.989260677173966,,
TEST,202,EXACT_REUSE,WER percent; S/D/I/N word counts,CD-seq,fa,5256,729,712,20113,871,33.29687266941779,,
TEST,202,EXACT_REUSE,WER percent; S/D/I/N word counts,Conf,fa,5019,768,645,20113,871,31.979316859742454,,
TEST,202,EXACT_REUSE,WER percent; S/D/I/N word counts,Global,fa,5004,773,641,20113,871,31.90971013772187,,
TEST,202,EXACT_REUSE,WER percent; S/D/I/N word counts,Local,fa,5017,767,643,20113,871,31.954457316163676,,
TEST,202,EXACT_REUSE,WER percent; S/D/I/N word counts,Oracle6,fa,4549,627,614,20113,871,28.787351464227118,,
TEST,202,EXACT_REUSE,WER percent; S/D/I/N word counts,G,fa,5294,727,837,20113,871,34.0973499726545,,
TEST,202,EXACT_REUSE,WER percent; S/D/I/N word counts,MWER-Conf,fa,5016,735,682,20113,871,31.98428876845821,,
TEST,202,EXACT_REUSE,WER percent; S/D/I/N word counts,MWER-Global,fa,5005,736,679,20113,871,31.919653955153382,,
TEST,202,APPENDED_FROZEN_TEXT_INFORMATION,WER percent; S/D/I/N word counts,Text,fa,4804,766,637,20113,871,30.86063739869736,,
TEST,202,APPENDED_FROZEN_TEXT_INFORMATION,WER percent; S/D/I/N word counts,Text+Global,fa,4794,764,638,20113,871,30.805946402824045,,
TEST,202,EXACT_REUSE,WER percent; S/D/I/N word counts,B5,pl,1783,205,213,14380,758,15.305980528511823,,
TEST,202,EXACT_REUSE,WER percent; S/D/I/N word counts,MBR,pl,1776,215,203,14380,758,15.25730180806676,,
TEST,202,EXACT_REUSE,WER percent; S/D/I/N word counts,CD-seq,pl,2066,255,247,14380,758,17.858136300417247,,
TEST,202,EXACT_REUSE,WER percent; S/D/I/N word counts,Conf,pl,1785,237,179,14380,758,15.305980528511823,,
TEST,202,EXACT_REUSE,WER percent; S/D/I/N word counts,Global,pl,1761,240,175,14380,758,15.132127955493742,,
TEST,202,EXACT_REUSE,WER percent; S/D/I/N word counts,Local,pl,1757,239,177,14380,758,15.111265646731571,,
TEST,202,EXACT_REUSE,WER percent; S/D/I/N word counts,Oracle6,pl,1471,155,154,14380,758,12.378303198887343,,
TEST,202,EXACT_REUSE,WER percent; S/D/I/N word counts,G,pl,1968,244,254,14380,758,17.148817802503476,,
TEST,202,EXACT_REUSE,WER percent; S/D/I/N word counts,MWER-Conf,pl,1758,212,205,14380,758,15.125173852573019,,
TEST,202,EXACT_REUSE,WER percent; S/D/I/N word counts,MWER-Global,pl,1748,212,201,14380,758,15.027816411682894,,
TEST,202,APPENDED_FROZEN_TEXT_INFORMATION,WER percent; S/D/I/N word counts,Text,pl,1654,229,158,14380,758,14.193324061196106,,
TEST,202,APPENDED_FROZEN_TEXT_INFORMATION,WER percent; S/D/I/N word counts,Text+Global,pl,1643,228,160,14380,758,14.123783031988873,,
TEST,202,EXACT_REUSE,WER percent; S/D/I/N word counts,B5,tr,1440,138,159,12963,743,13.399676000925712,,
TEST,202,EXACT_REUSE,WER percent; S/D/I/N word counts,MBR,tr,1454,142,154,12963,743,13.499961428681633,,
TEST,202,EXACT_REUSE,WER percent; S/D/I/N word counts,CD-seq,tr,1690,152,171,12963,743,15.528812774820643,,
TEST,202,EXACT_REUSE,WER percent; S/D/I/N word counts,Conf,tr,1448,165,137,12963,743,13.499961428681633,,
TEST,202,EXACT_REUSE,WER percent; S/D/I/N word counts,Global,tr,1422,168,135,12963,743,13.307104836843322,,
TEST,202,EXACT_REUSE,WER percent; S/D/I/N word counts,Local,tr,1432,169,135,12963,743,13.39196173725218,,
TEST,202,EXACT_REUSE,WER percent; S/D/I/N word counts,Oracle6,tr,1120,101,114,12963,743,10.298542004165702,,
TEST,202,EXACT_REUSE,WER percent; S/D/I/N word counts,G,tr,1614,147,174,12963,743,14.927100208285118,,
TEST,202,EXACT_REUSE,WER percent; S/D/I/N word counts,MWER-Conf,tr,1455,139,157,12963,743,13.507675692355164,,
TEST,202,EXACT_REUSE,WER percent; S/D/I/N word counts,MWER-Global,tr,1428,141,158,12963,743,13.322533364190388,,
TEST,202,APPENDED_FROZEN_TEXT_INFORMATION,WER percent; S/D/I/N word counts,Text,tr,1299,159,127,12963,743,12.227107922548793,,
TEST,202,APPENDED_FROZEN_TEXT_INFORMATION,WER percent; S/D/I/N word counts,Text+Global,tr,1297,161,129,12963,743,12.242536449895857,,
TEST,202,EXACT_REUSE,WER percent; S/D/I/N word counts,B5,it,1122,248,162,20701,865,7.400608666248007,,
TEST,202,EXACT_REUSE,WER percent; S/D/I/N word counts,MBR,it,1129,255,157,20701,865,7.44408482681996,,
TEST,202,EXACT_REUSE,WER percent; S/D/I/N word counts,CD-seq,it,1391,286,161,20701,865,8.878798125694411,,
TEST,202,EXACT_REUSE,WER percent; S/D/I/N word counts,Conf,it,1139,281,134,20701,865,7.506883725423893,,
TEST,202,EXACT_REUSE,WER percent; S/D/I/N word counts,Global,it,1098,282,131,20701,865,7.299164291580117,,
TEST,202,EXACT_REUSE,WER percent; S/D/I/N word counts,Local,it,1097,282,129,20701,865,7.284672238056133,,
TEST,202,EXACT_REUSE,WER percent; S/D/I/N word counts,Oracle6,it,801,185,101,20701,865,5.250954060190329,,
TEST,202,EXACT_REUSE,WER percent; S/D/I/N word counts,G,it,1350,240,836,20701,865,11.719240616395343,,
TEST,202,EXACT_REUSE,WER percent; S/D/I/N word counts,MWER-Conf,it,1128,259,155,20701,865,7.4489155113279555,,
TEST,202,EXACT_REUSE,WER percent; S/D/I/N word counts,MWER-Global,it,1096,253,151,20701,865,7.246026761992174,,
TEST,202,APPENDED_FROZEN_TEXT_INFORMATION,WER percent; S/D/I/N word counts,Text,it,994,269,112,20701,865,6.642191198492826,,
TEST,202,APPENDED_FROZEN_TEXT_INFORMATION,WER percent; S/D/I/N word counts,Text+Global,it,987,276,112,20701,865,6.642191198492826,,
TEST,202,EXACT_REUSE,macro WER percent,B5,MACRO,,,,,,19.109419853548385,,
TEST,202,EXACT_REUSE,macro WER percent,CD-seq,MACRO,,,,,,21.014859430545606,,
TEST,202,EXACT_REUSE,macro WER percent,Conf,MACRO,,,,,,19.228554648099784,,
TEST,202,EXACT_REUSE,macro WER percent,G,MACRO,,,,,,21.44586777466982,,
TEST,202,EXACT_REUSE,macro WER percent,Global,MACRO,,,,,,19.0847606974813,,
TEST,202,EXACT_REUSE,macro WER percent,Local,MACRO,,,,,,19.09861501196942,,
TEST,202,EXACT_REUSE,macro WER percent,MBR,MACRO,,,,,,19.208247887776288,,
TEST,202,EXACT_REUSE,macro WER percent,MWER-Conf,MACRO,,,,,,19.123389358673357,,
TEST,202,EXACT_REUSE,macro WER percent,MWER-Global,MACRO,,,,,,18.985908733797974,,
TEST,202,EXACT_REUSE,macro WER percent,Oracle6,MACRO,,,,,,16.246239837014016,,
TEST,202,APPENDED_FROZEN_TEXT_INFORMATION,macro WER percent,Text,MACRO,,,,,,18.087512113689204,,
TEST,202,APPENDED_FROZEN_TEXT_INFORMATION,macro WER percent,Text+Global,MACRO,,,,,,18.058257970905338,,
TEST,303,EXACT_REUSE,WER percent; S/D/I/N word counts,B5,ar,1847,146,73,8007,428,25.802422879980018,,
TEST,303,EXACT_REUSE,WER percent; S/D/I/N word counts,MBR,ar,1857,136,76,8007,428,25.839890096165856,,
TEST,303,EXACT_REUSE,WER percent; S/D/I/N word counts,CD-seq,ar,1996,139,78,8007,428,27.63831647308605,,
TEST,303,EXACT_REUSE,WER percent; S/D/I/N word counts,Conf,ar,1854,142,71,8007,428,25.814911952041964,,
TEST,303,EXACT_REUSE,WER percent; S/D/I/N word counts,Global,ar,1840,144,71,8007,428,25.665043087298614,,
TEST,303,EXACT_REUSE,WER percent; S/D/I/N word counts,Local,ar,1843,143,71,8007,428,25.690021231422506,,
TEST,303,EXACT_REUSE,WER percent; S/D/I/N word counts,Oracle6,ar,1605,116,68,8007,428,22.34294991882103,,
TEST,303,EXACT_REUSE,WER percent; S/D/I/N word counts,G,ar,2002,138,76,8007,428,27.67578368927189,,
TEST,303,EXACT_REUSE,WER percent; S/D/I/N word counts,MWER-Conf,ar,1838,138,73,8007,428,25.59010865492694,,
TEST,303,EXACT_REUSE,WER percent; S/D/I/N word counts,MWER-Global,ar,1822,139,73,8007,428,25.40277257399775,,
TEST,303,APPENDED_FROZEN_TEXT_INFORMATION,WER percent; S/D/I/N word counts,Text,ar,1749,142,70,8007,428,24.49107031347571,,
TEST,303,APPENDED_FROZEN_TEXT_INFORMATION,WER percent; S/D/I/N word counts,Text+Global,ar,1747,142,70,8007,428,24.466092169351818,,
TEST,303,EXACT_REUSE,WER percent; S/D/I/N word counts,B5,fa,5064,694,854,20113,871,32.87426042857853,,
TEST,303,EXACT_REUSE,WER percent; S/D/I/N word counts,MBR,fa,5062,712,812,20113,871,32.744990801968875,,
TEST,303,EXACT_REUSE,WER percent; S/D/I/N word counts,CD-seq,fa,5291,747,825,20113,871,34.12220951623328,,
TEST,303,EXACT_REUSE,WER percent; S/D/I/N word counts,Conf,fa,5073,761,764,20113,871,32.80465370655795,,
TEST,303,EXACT_REUSE,WER percent; S/D/I/N word counts,Global,fa,5057,763,762,20113,871,32.72510316710585,,
TEST,303,EXACT_REUSE,WER percent; S/D/I/N word counts,Local,fa,5062,762,758,20113,871,32.72510316710585,,
TEST,303,EXACT_REUSE,WER percent; S/D/I/N word counts,Oracle6,fa,4584,629,718,20113,871,29.48839059314871,,
TEST,303,EXACT_REUSE,WER percent; S/D/I/N word counts,G,fa,5302,752,953,20113,871,34.83816437130214,,
TEST,303,EXACT_REUSE,WER percent; S/D/I/N word counts,MWER-Conf,fa,5072,723,803,20113,871,32.80465370655795,,
TEST,303,EXACT_REUSE,WER percent; S/D/I/N word counts,MWER-Global,fa,5050,721,800,20113,871,32.670412171232535,,
TEST,303,APPENDED_FROZEN_TEXT_INFORMATION,WER percent; S/D/I/N word counts,Text,fa,4862,754,755,20113,871,31.67603042808134,,
TEST,303,APPENDED_FROZEN_TEXT_INFORMATION,WER percent; S/D/I/N word counts,Text+Global,fa,4855,757,754,20113,871,31.65117088450256,,
TEST,303,EXACT_REUSE,WER percent; S/D/I/N word counts,B5,pl,1762,198,219,14380,758,15.15299026425591,,
TEST,303,EXACT_REUSE,WER percent; S/D/I/N word counts,MBR,pl,1772,206,213,14380,758,15.23643949930459,,
TEST,303,EXACT_REUSE,WER percent; S/D/I/N word counts,CD-seq,pl,2074,220,233,14380,758,17.573018080667595,,
TEST,303,EXACT_REUSE,WER percent; S/D/I/N word counts,Conf,pl,1763,226,183,14380,758,15.104311543810848,,
TEST,303,EXACT_REUSE,WER percent; S/D/I/N word counts,Global,pl,1724,222,176,14380,758,14.756606397774688,,
TEST,303,EXACT_REUSE,WER percent; S/D/I/N word counts,Local,pl,1729,220,174,14380,758,14.76356050069541,,
TEST,303,EXACT_REUSE,WER percent; S/D/I/N word counts,Oracle6,pl,1464,155,146,14380,758,12.273991655076495,,
TEST,303,EXACT_REUSE,WER percent; S/D/I/N word counts,G,pl,1987,214,239,14380,758,16.968011126564672,,
TEST,303,EXACT_REUSE,WER percent; S/D/I/N word counts,MWER-Conf,pl,1766,204,209,14380,758,15.15299026425591,,
TEST,303,EXACT_REUSE,WER percent; S/D/I/N word counts,MWER-Global,pl,1739,203,202,14380,758,14.909596662030598,,
TEST,303,APPENDED_FROZEN_TEXT_INFORMATION,WER percent; S/D/I/N word counts,Text,pl,1621,215,162,14380,758,13.894297635605007,,
TEST,303,APPENDED_FROZEN_TEXT_INFORMATION,WER percent; S/D/I/N word counts,Text+Global,pl,1621,216,163,14380,758,13.908205841446453,,
TEST,303,EXACT_REUSE,WER percent; S/D/I/N word counts,B5,tr,1434,144,142,12963,743,13.268533518475662,,
TEST,303,EXACT_REUSE,WER percent; S/D/I/N word counts,MBR,tr,1446,146,138,12963,743,13.345676155210985,,
TEST,303,EXACT_REUSE,WER percent; S/D/I/N word counts,CD-seq,tr,1679,164,148,12963,743,15.359098974002931,,
TEST,303,EXACT_REUSE,WER percent; S/D/I/N word counts,Conf,tr,1442,167,123,12963,743,13.36110468255805,,
TEST,303,EXACT_REUSE,WER percent; S/D/I/N word counts,Global,tr,1415,168,117,12963,743,13.114248245005014,,
TEST,303,EXACT_REUSE,WER percent; S/D/I/N word counts,Local,tr,1420,168,116,12963,743,13.145105299699143,,
TEST,303,EXACT_REUSE,WER percent; S/D/I/N word counts,Oracle6,tr,1137,108,98,12963,743,10.36025611355396,,
TEST,303,EXACT_REUSE,WER percent; S/D/I/N word counts,G,tr,1606,159,158,12963,743,14.83452904420273,,
TEST,303,EXACT_REUSE,WER percent; S/D/I/N word counts,MWER-Conf,tr,1444,150,137,12963,743,13.353390418884517,,
TEST,303,EXACT_REUSE,WER percent; S/D/I/N word counts,MWER-Global,tr,1428,150,135,12963,743,13.214533672760934,,
TEST,303,APPENDED_FROZEN_TEXT_INFORMATION,WER percent; S/D/I/N word counts,Text,tr,1290,164,115,12963,743,12.103679703772276,,
TEST,303,APPENDED_FROZEN_TEXT_INFORMATION,WER percent; S/D/I/N word counts,Text+Global,tr,1286,165,114,12963,743,12.072822649078146,,
TEST,303,EXACT_REUSE,WER percent; S/D/I/N word counts,B5,it,1134,251,160,20701,865,7.46340756485194,,
TEST,303,EXACT_REUSE,WER percent; S/D/I/N word counts,MBR,it,1134,258,154,20701,865,7.468238249359934,,
TEST,303,EXACT_REUSE,WER percent; S/D/I/N word counts,CD-seq,it,1407,298,175,20701,865,9.081686875030192,,
TEST,303,EXACT_REUSE,WER percent; S/D/I/N word counts,Conf,it,1132,296,135,20701,865,7.550359885995846,,
TEST,303,EXACT_REUSE,WER percent; S/D/I/N word counts,Global,it,1107,294,134,20701,865,7.415100719771992,,
TEST,303,EXACT_REUSE,WER percent; S/D/I/N word counts,Local,it,1112,294,133,20701,865,7.4344234578039705,,
TEST,303,EXACT_REUSE,WER percent; S/D/I/N word counts,Oracle6,it,799,193,110,20701,865,5.323414327810251,,
TEST,303,EXACT_REUSE,WER percent; S/D/I/N word counts,G,it,1316,257,639,20701,865,10.68547413168446,,
TEST,303,EXACT_REUSE,WER percent; S/D/I/N word counts,MWER-Conf,it,1132,254,150,20701,865,7.419931404279986,,
TEST,303,EXACT_REUSE,WER percent; S/D/I/N word counts,MWER-Global,it,1133,259,159,20701,865,7.492391671899909,,
TEST,303,APPENDED_FROZEN_TEXT_INFORMATION,WER percent; S/D/I/N word counts,Text,it,983,278,124,20701,865,6.6904980435727746,,
TEST,303,APPENDED_FROZEN_TEXT_INFORMATION,WER percent; S/D/I/N word counts,Text+Global,it,982,277,126,20701,865,6.6904980435727746,,
TEST,303,EXACT_REUSE,macro WER percent,B5,MACRO,,,,,,18.91232293122841,,
TEST,303,EXACT_REUSE,macro WER percent,CD-seq,MACRO,,,,,,20.75486598380401,,
TEST,303,EXACT_REUSE,macro WER percent,Conf,MACRO,,,,,,18.927068354192933,,
TEST,303,EXACT_REUSE,macro WER percent,G,MACRO,,,,,,21.000392472605178,,
TEST,303,EXACT_REUSE,macro WER percent,Global,MACRO,,,,,,18.73522032339123,,
TEST,303,EXACT_REUSE,macro WER percent,Local,MACRO,,,,,,18.751642731345378,,
TEST,303,EXACT_REUSE,macro WER percent,MBR,MACRO,,,,,,18.927046960402045,,
TEST,303,EXACT_REUSE,macro WER percent,MWER-Conf,MACRO,,,,,,18.86421488978106,,
TEST,303,EXACT_REUSE,macro WER percent,MWER-Global,MACRO,,,,,,18.737941350384347,,
TEST,303,EXACT_REUSE,macro WER percent,Oracle6,MACRO,,,,,,15.957800521682092,,
TEST,303,APPENDED_FROZEN_TEXT_INFORMATION,macro WER percent,Text,MACRO,,,,,,17.77111522490142,,
TEST,303,APPENDED_FROZEN_TEXT_INFORMATION,macro WER percent,Text+Global,MACRO,,,,,,17.75775791759035,,
CV27,101,EXACT_REUSE,WER percent; S/D/I/N word counts,B5,ar,25655,1943,1289,53778,10606,53.71527390382684,,
CV27,101,EXACT_REUSE,WER percent; S/D/I/N word counts,MBR,ar,25390,2093,1033,53778,10606,53.02540072148462,,
CV27,101,EXACT_REUSE,WER percent; S/D/I/N word counts,CD-seq,ar,27460,2199,1322,53778,10606,57.609059466696415,,
CV27,101,EXACT_REUSE,WER percent; S/D/I/N word counts,Conf,ar,25491,2295,942,53778,10606,53.41961396853732,,
CV27,101,EXACT_REUSE,WER percent; S/D/I/N word counts,Global,ar,25416,2321,924,53778,10606,53.29502770649708,,
CV27,101,EXACT_REUSE,WER percent; S/D/I/N word counts,Local,ar,25411,2322,924,53778,10606,53.287589720703636,,
CV27,101,EXACT_REUSE,WER percent; S/D/I/N word counts,Oracle6,ar,22036,1597,806,53778,10606,45.44423370151363,,
CV27,101,EXACT_REUSE,WER percent; S/D/I/N word counts,G,ar,26455,2147,1567,53778,10606,56.09914835062665,,
CV27,101,EXACT_REUSE,WER percent; S/D/I/N word counts,MWER-Conf,ar,25441,2034,1066,53778,10606,53.071888132693665,,
CV27,101,EXACT_REUSE,WER percent; S/D/I/N word counts,MWER-Global,ar,25321,2040,1055,53778,10606,52.839451076648444,,
CV27,101,APPENDED_FROZEN_TEXT_INFORMATION,WER percent; S/D/I/N word counts,Text,ar,25002,2256,910,53778,10606,52.37829595745472,,
CV27,101,APPENDED_FROZEN_TEXT_INFORMATION,WER percent; S/D/I/N word counts,Text+Global,ar,24965,2264,908,53778,10606,52.32065156755551,,
CV27,101,EXACT_REUSE,WER percent; S/D/I/N word counts,B5,fa,35073,6235,12374,73608,10755,72.92957287251386,,
CV27,101,EXACT_REUSE,WER percent; S/D/I/N word counts,MBR,fa,34843,6537,9039,73608,10755,68.4966308009999,,
CV27,101,EXACT_REUSE,WER percent; S/D/I/N word counts,CD-seq,fa,36091,6600,9632,73608,10755,71.08330616237366,,
CV27,101,EXACT_REUSE,WER percent; S/D/I/N word counts,Conf,fa,34672,7215,7840,73608,10755,67.55651559613085,,
CV27,101,EXACT_REUSE,WER percent; S/D/I/N word counts,Global,fa,34652,7295,7814,73608,10755,67.60270622758395,,
CV27,101,EXACT_REUSE,WER percent; S/D/I/N word counts,Local,fa,34648,7302,7811,73608,10755,67.60270622758395,,
CV27,101,EXACT_REUSE,WER percent; S/D/I/N word counts,Oracle6,fa,31432,5530,6561,73608,10755,59.12808390392349,,
CV27,101,EXACT_REUSE,WER percent; S/D/I/N word counts,G,fa,36237,6499,13605,73608,10755,76.5419519617433,,
CV27,101,EXACT_REUSE,WER percent; S/D/I/N word counts,MWER-Conf,fa,34821,6526,9062,73608,10755,68.48304532116074,,
CV27,101,EXACT_REUSE,WER percent; S/D/I/N word counts,MWER-Global,fa,34763,6527,9054,73608,10755,68.39473970220628,,
CV27,101,APPENDED_FROZEN_TEXT_INFORMATION,WER percent; S/D/I/N word counts,Text,fa,33732,7230,7777,73608,10755,66.21427018802304,,
CV27,101,APPENDED_FROZEN_TEXT_INFORMATION,WER percent; S/D/I/N word counts,Text+Global,fa,33720,7255,7766,73608,10755,66.21698728399087,,
CV27,101,EXACT_REUSE,WER percent; S/D/I/N word counts,B5,pl,10144,1375,1671,75267,10096,17.524280229051243,,
CV27,101,EXACT_REUSE,WER percent; S/D/I/N word counts,MBR,pl,10175,1483,1289,75267,10096,17.201429577371226,,
CV27,101,EXACT_REUSE,WER percent; S/D/I/N word counts,CD-seq,pl,13626,1855,1931,75267,10096,23.13364422655347,,
CV27,101,EXACT_REUSE,WER percent; S/D/I/N word counts,Conf,pl,10157,1756,1109,75267,10096,17.30107484023543,,
CV27,101,EXACT_REUSE,WER percent; S/D/I/N word counts,Global,pl,9971,1755,1081,75267,10096,17.01542508669138,,
CV27,101,EXACT_REUSE,WER percent; S/D/I/N word counts,Local,pl,9982,1753,1078,75267,10096,17.023396707720515,,
CV27,101,EXACT_REUSE,WER percent; S/D/I/N word counts,Oracle6,pl,7203,972,897,75267,10096,12.053090996054047,,
CV27,101,EXACT_REUSE,WER percent; S/D/I/N word counts,G,pl,11246,1522,1799,75267,10096,19.35376725523802,,
CV27,101,EXACT_REUSE,WER percent; S/D/I/N word counts,MWER-Conf,pl,10109,1445,1309,75267,10096,17.08982688296332,,
CV27,101,EXACT_REUSE,WER percent; S/D/I/N word counts,MWER-Global,pl,9957,1408,1304,75267,10096,16.832077803021246,,
CV27,101,APPENDED_FROZEN_TEXT_INFORMATION,WER percent; S/D/I/N word counts,Text,pl,9008,1689,981,75267,10096,15.515431729708903,,
CV27,101,APPENDED_FROZEN_TEXT_INFORMATION,WER percent; S/D/I/N word counts,Text+Global,pl,8999,1670,984,75267,10096,15.482216642087502,,
CV27,101,EXACT_REUSE,WER percent; S/D/I/N word counts,B5,tr,12073,2192,1795,67100,11874,23.934426229508198,,
CV27,101,EXACT_REUSE,WER percent; S/D/I/N word counts,MBR,tr,12060,2353,884,67100,11874,22.7973174366617,,
CV27,101,EXACT_REUSE,WER percent; S/D/I/N word counts,CD-seq,tr,15685,2515,1317,67100,11874,29.086438152011922,,
CV27,101,EXACT_REUSE,WER percent; S/D/I/N word counts,Conf,tr,12134,2621,742,67100,11874,23.09538002980626,,
CV27,101,EXACT_REUSE,WER percent; S/D/I/N word counts,Global,tr,11971,2649,713,67100,11874,22.85096870342772,,
CV27,101,EXACT_REUSE,WER percent; S/D/I/N word counts,Local,tr,11993,2659,713,67100,11874,22.89865871833085,,
CV27,101,EXACT_REUSE,WER percent; S/D/I/N word counts,Oracle6,tr,8616,1650,544,67100,11874,16.11028315946349,,
CV27,101,EXACT_REUSE,WER percent; S/D/I/N word counts,G,tr,13330,2298,1155,67100,11874,25.01192250372578,,
CV27,101,EXACT_REUSE,WER percent; S/D/I/N word counts,MWER-Conf,tr,12038,2278,928,67100,11874,22.71833084947839,,
CV27,101,EXACT_REUSE,WER percent; S/D/I/N word counts,MWER-Global,tr,11891,2281,903,67100,11874,22.466467958271238,,
CV27,101,APPENDED_FROZEN_TEXT_INFORMATION,WER percent; S/D/I/N word counts,Text,tr,11351,2632,654,67100,11874,21.81371087928465,,
CV27,101,APPENDED_FROZEN_TEXT_INFORMATION,WER percent; S/D/I/N word counts,Text+Global,tr,11327,2639,649,67100,11874,21.780923994038748,,
CV27,101,EXACT_REUSE,WER percent; S/D/I/N word counts,B5,it,17983,2151,3118,149177,15183,15.586853201230753,,
CV27,101,EXACT_REUSE,WER percent; S/D/I/N word counts,MBR,it,17962,2276,2788,149177,15183,15.435355316168042,,
CV27,101,EXACT_REUSE,WER percent; S/D/I/N word counts,CD-seq,it,22543,2760,3965,149177,15183,19.61964646024521,,
CV27,101,EXACT_REUSE,WER percent; S/D/I/N word counts,Conf,it,17994,2757,2174,149177,15183,15.367650509126742,,
CV27,101,EXACT_REUSE,WER percent; S/D/I/N word counts,Global,it,17869,2735,2166,149177,15183,15.263747092380193,,
CV27,101,EXACT_REUSE,WER percent; S/D/I/N word counts,Local,it,17902,2738,2168,149177,15183,15.289220188098701,,
CV27,101,EXACT_REUSE,WER percent; S/D/I/N word counts,Oracle6,it,13060,1511,1787,149177,15183,10.965497362193904,,
CV27,101,EXACT_REUSE,WER percent; S/D/I/N word counts,G,it,20350,2307,9376,149177,15183,21.47314934607882,,
CV27,101,EXACT_REUSE,WER percent; S/D/I/N word counts,MWER-Conf,it,17904,2235,2845,149177,15183,15.407200841952848,,
CV27,101,EXACT_REUSE,WER percent; S/D/I/N word counts,MWER-Global,it,17770,2209,2868,149177,15183,15.315363628441382,,
CV27,101,APPENDED_FROZEN_TEXT_INFORMATION,WER percent; S/D/I/N word counts,Text,it,16364,2654,1962,149177,15183,14.06383021511359,,
CV27,101,APPENDED_FROZEN_TEXT_INFORMATION,WER percent; S/D/I/N word counts,Text+Global,it,16377,2636,1974,149177,15183,14.068522627482789,,
CV27,101,EXACT_REUSE,macro WER percent,B5,MACRO,,,,,,36.73808128722618,,
CV27,101,EXACT_REUSE,macro WER percent,CD-seq,MACRO,,,,,,40.106418893576134,,
CV27,101,EXACT_REUSE,macro WER percent,Conf,MACRO,,,,,,35.34804698876732,,
CV27,101,EXACT_REUSE,macro WER percent,G,MACRO,,,,,,39.69598788348251,,
CV27,101,EXACT_REUSE,macro WER percent,Global,MACRO,,,,,,35.20557496331607,,
CV27,101,EXACT_REUSE,macro WER percent,Local,MACRO,,,,,,35.22031431248753,,
CV27,101,EXACT_REUSE,macro WER percent,MBR,MACRO,,,,,,35.391226770537095,,
CV27,101,EXACT_REUSE,macro WER percent,MWER-Conf,MACRO,,,,,,35.354058405649795,,
CV27,101,EXACT_REUSE,macro WER percent,MWER-Global,MACRO,,,,,,35.16962003371772,,
CV27,101,EXACT_REUSE,macro WER percent,Oracle6,MACRO,,,,,,28.740237824629713,,
CV27,101,APPENDED_FROZEN_TEXT_INFORMATION,macro WER percent,Text,MACRO,,,,,,33.99710779391698,,
CV27,101,APPENDED_FROZEN_TEXT_INFORMATION,macro WER percent,Text+Global,MACRO,,,,,,33.973860423031084,,
CV27,202,EXACT_REUSE,WER percent; S/D/I/N word counts,B5,ar,25782,1872,1503,53778,10606,54.21733794488453,,
CV27,202,EXACT_REUSE,WER percent; S/D/I/N word counts,MBR,ar,25607,2011,1084,53778,10606,53.371267060879916,,
CV27,202,EXACT_REUSE,WER percent; S/D/I/N word counts,CD-seq,ar,27626,2107,1520,53778,10606,58.11484250065082,,
CV27,202,EXACT_REUSE,WER percent; S/D/I/N word counts,Conf,ar,25720,2233,861,53778,10606,53.579530663096435,,
CV27,202,EXACT_REUSE,WER percent; S/D/I/N word counts,Global,ar,25554,2266,840,53778,10606,53.29316821004872,,
CV27,202,EXACT_REUSE,WER percent; S/D/I/N word counts,Local,ar,25560,2264,839,53778,10606,53.2987466993938,,
CV27,202,EXACT_REUSE,WER percent; S/D/I/N word counts,Oracle6,ar,22241,1529,713,53778,10606,45.52605154524155,,
CV27,202,EXACT_REUSE,WER percent; S/D/I/N word counts,G,ar,26689,2040,1324,53778,10606,55.883446762616686,,
CV27,202,EXACT_REUSE,WER percent; S/D/I/N word counts,MWER-Conf,ar,25584,1972,1105,53778,10606,53.29502770649708,,
CV27,202,EXACT_REUSE,WER percent; S/D/I/N word counts,MWER-Global,ar,25480,1960,1089,53778,10606,53.049574175313325,,
CV27,202,APPENDED_FROZEN_TEXT_INFORMATION,WER percent; S/D/I/N word counts,Text,ar,25199,2192,838,53778,10606,52.49172524080479,,
CV27,202,APPENDED_FROZEN_TEXT_INFORMATION,WER percent; S/D/I/N word counts,Text+Global,ar,25165,2200,834,53778,10606,52.435940347353934,,
CV27,202,EXACT_REUSE,WER percent; S/D/I/N word counts,B5,fa,35047,6231,7408,73608,10755,66.14226714487556,,
CV27,202,EXACT_REUSE,WER percent; S/D/I/N word counts,MBR,fa,34782,6527,6196,73608,10755,64.53782197587219,,
CV27,202,EXACT_REUSE,WER percent; S/D/I/N word counts,CD-seq,fa,36147,6665,6732,73608,10755,67.30790131507445,,
CV27,202,EXACT_REUSE,WER percent; S/D/I/N word counts,Conf,fa,34653,7156,5739,73608,10755,64.59623953918053,,
CV27,202,EXACT_REUSE,WER percent; S/D/I/N word counts,Global,fa,34591,7219,5705,73608,10755,64.55140745571134,,
CV27,202,EXACT_REUSE,WER percent; S/D/I/N word counts,Local,fa,34597,7223,5703,73608,10755,64.56227583958265,,
CV27,202,EXACT_REUSE,WER percent; S/D/I/N word counts,Oracle6,fa,31331,5561,5339,73608,10755,57.37283990870557,,
CV27,202,EXACT_REUSE,WER percent; S/D/I/N word counts,G,fa,36163,6532,8673,73608,10755,69.78589283773503,,
CV27,202,EXACT_REUSE,WER percent; S/D/I/N word counts,MWER-Conf,fa,34764,6505,6279,73608,10755,64.59623953918053,,
CV27,202,EXACT_REUSE,WER percent; S/D/I/N word counts,MWER-Global,fa,34685,6482,6282,73608,10755,64.46174328877296,,
CV27,202,APPENDED_FROZEN_TEXT_INFORMATION,WER percent; S/D/I/N word counts,Text,fa,33688,7162,5663,73608,10755,63.190142375828714,,
CV27,202,APPENDED_FROZEN_TEXT_INFORMATION,WER percent; S/D/I/N word counts,Text+Global,fa,33663,7184,5657,73608,10755,63.17791544397348,,
CV27,202,EXACT_REUSE,WER percent; S/D/I/N word counts,B5,pl,10123,1337,1405,75267,10096,17.09248408997303,,
CV27,202,EXACT_REUSE,WER percent; S/D/I/N word counts,MBR,pl,10140,1454,1219,75267,10096,17.023396707720515,,
CV27,202,EXACT_REUSE,WER percent; S/D/I/N word counts,CD-seq,pl,13612,1826,1678,75267,10096,22.74037758911608,,
CV27,202,EXACT_REUSE,WER percent; S/D/I/N word counts,Conf,pl,10107,1737,1024,75267,10096,17.096469900487598,,
CV27,202,EXACT_REUSE,WER percent; S/D/I/N word counts,Global,pl,9905,1721,989,75267,10096,16.76033321375902,,
CV27,202,EXACT_REUSE,WER percent; S/D/I/N word counts,Local,pl,9909,1720,988,75267,10096,16.76299042076873,,
CV27,202,EXACT_REUSE,WER percent; S/D/I/N word counts,Oracle6,pl,7155,913,784,75267,10096,11.760798224985718,,
CV27,202,EXACT_REUSE,WER percent; S/D/I/N word counts,G,pl,11325,1522,1677,75267,10096,19.29663730452921,,
CV27,202,EXACT_REUSE,WER percent; S/D/I/N word counts,MWER-Conf,pl,10113,1418,1246,75267,10096,16.975566981545697,,
CV27,202,EXACT_REUSE,WER percent; S/D/I/N word counts,MWER-Global,pl,9986,1386,1242,75267,10096,16.759004610254163,,
CV27,202,APPENDED_FROZEN_TEXT_INFORMATION,WER percent; S/D/I/N word counts,Text,pl,8895,1651,880,75267,10096,15.180623646485179,,
CV27,202,APPENDED_FROZEN_TEXT_INFORMATION,WER percent; S/D/I/N word counts,Text+Global,pl,8890,1657,888,75267,10096,15.192581078028883,,
CV27,202,EXACT_REUSE,WER percent; S/D/I/N word counts,B5,tr,11843,2095,1053,67100,11874,22.341281669150522,,
CV27,202,EXACT_REUSE,WER percent; S/D/I/N word counts,MBR,tr,11858,2230,955,67100,11874,22.418777943368106,,
CV27,202,EXACT_REUSE,WER percent; S/D/I/N word counts,CD-seq,tr,15558,2390,1357,67100,11874,28.770491803278688,,
CV27,202,EXACT_REUSE,WER percent; S/D/I/N word counts,Conf,tr,11873,2476,773,67100,11874,22.536512667660208,,
CV27,202,EXACT_REUSE,WER percent; S/D/I/N word counts,Global,tr,11729,2535,743,67100,11874,22.365126676602088,,
CV27,202,EXACT_REUSE,WER percent; S/D/I/N word counts,Local,tr,11740,2544,740,67100,11874,22.390461997019376,,
CV27,202,EXACT_REUSE,WER percent; S/D/I/N word counts,Oracle6,tr,8452,1572,581,67100,11874,15.804769001490312,,
CV27,202,EXACT_REUSE,WER percent; S/D/I/N word counts,G,tr,13121,2236,1381,67100,11874,24.944858420268258,,
CV27,202,EXACT_REUSE,WER percent; S/D/I/N word counts,MWER-Conf,tr,11823,2171,991,67100,11874,22.332339791356183,,
CV27,202,EXACT_REUSE,WER percent; S/D/I/N word counts,MWER-Global,tr,11691,2176,969,67100,11874,22.11028315946349,,
CV27,202,APPENDED_FROZEN_TEXT_INFORMATION,WER percent; S/D/I/N word counts,Text,tr,11046,2524,671,67100,11874,21.22354694485842,,
CV27,202,APPENDED_FROZEN_TEXT_INFORMATION,WER percent; S/D/I/N word counts,Text+Global,tr,11064,2526,671,67100,11874,21.253353204172875,,
CV27,202,EXACT_REUSE,WER percent; S/D/I/N word counts,B5,it,17927,2199,3304,149177,15183,15.706174544333242,,
CV27,202,EXACT_REUSE,WER percent; S/D/I/N word counts,MBR,it,17961,2321,2502,149177,15183,15.27313191711859,,
CV27,202,EXACT_REUSE,WER percent; S/D/I/N word counts,CD-seq,it,22473,2786,3462,149177,15183,19.252967950823518,,
CV27,202,EXACT_REUSE,WER percent; S/D/I/N word counts,Conf,it,17916,2751,2160,149177,15183,15.301956735957956,,
CV27,202,EXACT_REUSE,WER percent; S/D/I/N word counts,Global,it,17792,2780,2120,149177,15183,15.211460211694833,,
CV27,202,EXACT_REUSE,WER percent; S/D/I/N word counts,Local,it,17792,2783,2123,149177,15183,15.21548227943986,,
CV27,202,EXACT_REUSE,WER percent; S/D/I/N word counts,Oracle6,it,12953,1565,1731,149177,15183,10.892429798159233,,
CV27,202,EXACT_REUSE,WER percent; S/D/I/N word counts,G,it,19999,2296,5440,149177,15183,18.59200815139063,,
CV27,202,EXACT_REUSE,WER percent; S/D/I/N word counts,MWER-Conf,it,17889,2296,2562,149177,15183,15.248329166024254,,
CV27,202,EXACT_REUSE,WER percent; S/D/I/N word counts,MWER-Global,it,17759,2267,2583,149177,15183,15.155821607888615,,
CV27,202,APPENDED_FROZEN_TEXT_INFORMATION,WER percent; S/D/I/N word counts,Text,it,16251,2690,2015,149177,15183,14.04774194413348,,
CV27,202,APPENDED_FROZEN_TEXT_INFORMATION,WER percent; S/D/I/N word counts,Text+Global,it,16278,2692,2040,149177,15183,14.083940553838728,,
CV27,202,EXACT_REUSE,macro WER percent,B5,MACRO,,,,,,35.09990907864338,,
CV27,202,EXACT_REUSE,macro WER percent,CD-seq,MACRO,,,,,,39.23731623178871,,
CV27,202,EXACT_REUSE,macro WER percent,Conf,MACRO,,,,,,34.62214190127655,,
CV27,202,EXACT_REUSE,macro WER percent,G,MACRO,,,,,,37.70056869530796,,
CV27,202,EXACT_REUSE,macro WER percent,Global,MACRO,,,,,,34.4362991535632,,
CV27,202,EXACT_REUSE,macro WER percent,Local,MACRO,,,,,,34.445991447240885,,
CV27,202,EXACT_REUSE,macro WER percent,MBR,MACRO,,,,,,34.52487912099186,,
CV27,202,EXACT_REUSE,macro WER percent,MWER-Conf,MACRO,,,,,,34.48950063692075,,
CV27,202,EXACT_REUSE,macro WER percent,MWER-Global,MACRO,,,,,,34.307285368338505,,
CV27,202,EXACT_REUSE,macro WER percent,Oracle6,MACRO,,,,,,28.271377695716478,,
CV27,202,APPENDED_FROZEN_TEXT_INFORMATION,macro WER percent,Text,MACRO,,,,,,33.226756030422116,,
CV27,202,APPENDED_FROZEN_TEXT_INFORMATION,macro WER percent,Text+Global,MACRO,,,,,,33.22874612547358,,
CV27,303,EXACT_REUSE,WER percent; S/D/I/N word counts,B5,ar,25862,1943,2243,53778,10606,55.87414928037487,,
CV27,303,EXACT_REUSE,WER percent; S/D/I/N word counts,MBR,ar,25622,2101,1118,53778,10606,53.6297370672022,,
CV27,303,EXACT_REUSE,WER percent; S/D/I/N word counts,CD-seq,ar,27647,2151,1514,53778,10606,58.224552791104166,,
CV27,303,EXACT_REUSE,WER percent; S/D/I/N word counts,Conf,ar,25772,2320,1026,53778,10606,54.144817583398414,,
CV27,303,EXACT_REUSE,WER percent; S/D/I/N word counts,Global,ar,25654,2347,1004,53778,10606,53.934694484733534,,
CV27,303,EXACT_REUSE,WER percent; S/D/I/N word counts,Local,ar,25651,2348,1002,53778,10606,53.92725649894009,,
CV27,303,EXACT_REUSE,WER percent; S/D/I/N word counts,Oracle6,ar,22356,1588,888,53778,10606,46.17501580571981,,
CV27,303,EXACT_REUSE,WER percent; S/D/I/N word counts,G,ar,26671,2112,1614,53778,10606,56.52311354085314,,
CV27,303,EXACT_REUSE,WER percent; S/D/I/N word counts,MWER-Conf,ar,25617,2061,1157,53778,10606,53.61858008851203,,
CV27,303,EXACT_REUSE,WER percent; S/D/I/N word counts,MWER-Global,ar,25491,2058,1144,53778,10606,53.35453159284466,,
CV27,303,APPENDED_FROZEN_TEXT_INFORMATION,WER percent; S/D/I/N word counts,Text,ar,25230,2271,997,53778,10606,52.99192978541411,,
CV27,303,APPENDED_FROZEN_TEXT_INFORMATION,WER percent; S/D/I/N word counts,Text+Global,ar,25199,2276,993,53778,10606,52.93614489196326,,
CV27,303,EXACT_REUSE,WER percent; S/D/I/N word counts,B5,fa,35270,6282,14217,73608,10755,75.76486251494403,,
CV27,303,EXACT_REUSE,WER percent; S/D/I/N word counts,MBR,fa,35085,6609,9994,73608,10755,70.22062819258777,,
CV27,303,EXACT_REUSE,WER percent; S/D/I/N word counts,CD-seq,fa,36273,6647,10807,73608,10755,72.99070753179002,,
CV27,303,EXACT_REUSE,WER percent; S/D/I/N word counts,Conf,fa,34942,7310,9268,73608,10755,69.99239213129007,,
CV27,303,EXACT_REUSE,WER percent; S/D/I/N word counts,Global,fa,34890,7398,9109,73608,10755,69.82529072926856,,
CV27,303,EXACT_REUSE,WER percent; S/D/I/N word counts,Local,fa,34902,7398,9097,73608,10755,69.82529072926856,,
CV27,303,EXACT_REUSE,WER percent; S/D/I/N word counts,Oracle6,fa,31647,5548,8507,73608,10755,62.08835996087382,,
CV27,303,EXACT_REUSE,WER percent; S/D/I/N word counts,G,fa,36270,6609,17826,73608,10755,82.47065536354744,,
CV27,303,EXACT_REUSE,WER percent; S/D/I/N word counts,MWER-Conf,fa,35025,6601,10148,73608,10755,70.33746331920443,,
CV27,303,EXACT_REUSE,WER percent; S/D/I/N word counts,MWER-Global,fa,34968,6594,10035,73608,10755,70.09700032605151,,
CV27,303,APPENDED_FROZEN_TEXT_INFORMATION,WER percent; S/D/I/N word counts,Text,fa,33962,7297,9122,73608,10755,68.44500597761113,,
CV27,303,APPENDED_FROZEN_TEXT_INFORMATION,WER percent; S/D/I/N word counts,Text+Global,fa,33966,7323,9110,73608,10755,68.4694598413216,,
CV27,303,EXACT_REUSE,WER percent; S/D/I/N word counts,B5,pl,10090,1391,1466,75267,10096,17.201429577371226,,
CV27,303,EXACT_REUSE,WER percent; S/D/I/N word counts,MBR,pl,10100,1494,1351,75267,10096,17.198772370361514,,
CV27,303,EXACT_REUSE,WER percent; S/D/I/N word counts,CD-seq,pl,13535,1810,1805,75267,10096,22.785550108281186,,
CV27,303,EXACT_REUSE,WER percent; S/D/I/N word counts,Conf,pl,10147,1748,1181,75267,10096,17.372819429497657,,
CV27,303,EXACT_REUSE,WER percent; S/D/I/N word counts,Global,pl,9933,1750,1141,75267,10096,17.038011346273933,,
CV27,303,EXACT_REUSE,WER percent; S/D/I/N word counts,Local,pl,9915,1754,1134,75267,10096,17.010110672671953,,
CV27,303,EXACT_REUSE,WER percent; S/D/I/N word counts,Oracle6,pl,7123,924,973,75267,10096,11.984003613801534,,
CV27,303,EXACT_REUSE,WER percent; S/D/I/N word counts,G,pl,11255,1510,1721,75267,10096,19.24615037134468,,
CV27,303,EXACT_REUSE,WER percent; S/D/I/N word counts,MWER-Conf,pl,10080,1430,1385,75267,10096,17.13234219511871,,
CV27,303,EXACT_REUSE,WER percent; S/D/I/N word counts,MWER-Global,pl,9900,1430,1370,75267,10096,16.87326451167178,,
CV27,303,APPENDED_FROZEN_TEXT_INFORMATION,WER percent; S/D/I/N word counts,Text,pl,8932,1679,1036,75267,10096,15.474245021058366,,
CV27,303,APPENDED_FROZEN_TEXT_INFORMATION,WER percent; S/D/I/N word counts,Text+Global,pl,8939,1674,1038,75267,10096,15.479559435077789,,
CV27,303,EXACT_REUSE,WER percent; S/D/I/N word counts,B5,tr,11842,2122,1246,67100,11874,22.667660208643817,,
CV27,303,EXACT_REUSE,WER percent; S/D/I/N word counts,MBR,tr,11806,2283,922,67100,11874,22.371087928464977,,
CV27,303,EXACT_REUSE,WER percent; S/D/I/N word counts,CD-seq,tr,15604,2452,1339,67100,11874,28.90461997019374,,
CV27,303,EXACT_REUSE,WER percent; S/D/I/N word counts,Conf,tr,11888,2556,765,67100,11874,22.66616989567809,,
CV27,303,EXACT_REUSE,WER percent; S/D/I/N word counts,Global,tr,11744,2580,726,67100,11874,22.429210134128166,,
CV27,303,EXACT_REUSE,WER percent; S/D/I/N word counts,Local,tr,11760,2592,722,67100,11874,22.464977645305513,,
CV27,303,EXACT_REUSE,WER percent; S/D/I/N word counts,Oracle6,tr,8475,1598,565,67100,11874,15.853949329359166,,
CV27,303,EXACT_REUSE,WER percent; S/D/I/N word counts,G,tr,13078,2244,1212,67100,11874,24.640834575260804,,
CV27,303,EXACT_REUSE,WER percent; S/D/I/N word counts,MWER-Conf,tr,11757,2190,1042,67100,11874,22.338301043219076,,
CV27,303,EXACT_REUSE,WER percent; S/D/I/N word counts,MWER-Global,tr,11669,2189,943,67100,11874,22.05812220566319,,
CV27,303,APPENDED_FROZEN_TEXT_INFORMATION,WER percent; S/D/I/N word counts,Text,tr,11149,2551,687,67100,11874,21.44113263785395,,
CV27,303,APPENDED_FROZEN_TEXT_INFORMATION,WER percent; S/D/I/N word counts,Text+Global,tr,11125,2556,679,67100,11874,21.400894187779432,,
CV27,303,EXACT_REUSE,WER percent; S/D/I/N word counts,B5,it,18010,2181,2948,149177,15183,15.511104258699397,,
CV27,303,EXACT_REUSE,WER percent; S/D/I/N word counts,MBR,it,18023,2310,2609,149177,15183,15.379046367737654,,
CV27,303,EXACT_REUSE,WER percent; S/D/I/N word counts,CD-seq,it,22544,2799,3464,149177,15183,19.31061758850225,,
CV27,303,EXACT_REUSE,WER percent; S/D/I/N word counts,Conf,it,18013,2797,2235,149177,15183,15.448091864027296,,
CV27,303,EXACT_REUSE,WER percent; S/D/I/N word counts,Global,it,17855,2777,2197,149177,15183,15.3032974252063,,
CV27,303,EXACT_REUSE,WER percent; S/D/I/N word counts,Local,it,17875,2775,2201,149177,15183,15.318045006938068,,
CV27,303,EXACT_REUSE,WER percent; S/D/I/N word counts,Oracle6,it,13066,1534,1800,149177,15183,10.993651836409098,,
CV27,303,EXACT_REUSE,WER percent; S/D/I/N word counts,G,it,20228,2369,7603,149177,15183,20.24440764997285,,
CV27,303,EXACT_REUSE,WER percent; S/D/I/N word counts,MWER-Conf,it,17974,2286,2724,149177,15183,15.407200841952848,,
CV27,303,EXACT_REUSE,WER percent; S/D/I/N word counts,MWER-Global,it,17787,2233,2694,149177,15183,15.226207793426601,,
CV27,303,APPENDED_FROZEN_TEXT_INFORMATION,WER percent; S/D/I/N word counts,Text,it,16438,2716,2035,149177,15183,14.203932241565388,,
CV27,303,APPENDED_FROZEN_TEXT_INFORMATION,WER percent; S/D/I/N word counts,Text+Global,it,16474,2693,2047,149177,15183,14.220690857169672,,
CV27,303,EXACT_REUSE,macro WER percent,B5,MACRO,,,,,,37.403841168006664,,
CV27,303,EXACT_REUSE,macro WER percent,CD-seq,MACRO,,,,,,40.443209597974274,,
CV27,303,EXACT_REUSE,macro WER percent,Conf,MACRO,,,,,,35.92485818077831,,
CV27,303,EXACT_REUSE,macro WER percent,G,MACRO,,,,,,40.625032300195784,,
CV27,303,EXACT_REUSE,macro WER percent,Global,MACRO,,,,,,35.7061008239221,,
CV27,303,EXACT_REUSE,macro WER percent,Local,MACRO,,,,,,35.70913611062483,,
CV27,303,EXACT_REUSE,macro WER percent,MBR,MACRO,,,,,,35.75985438527083,,
CV27,303,EXACT_REUSE,macro WER percent,MWER-Conf,MACRO,,,,,,35.76677749760142,,
CV27,303,EXACT_REUSE,macro WER percent,MWER-Global,MACRO,,,,,,35.52182528593154,,
CV27,303,EXACT_REUSE,macro WER percent,Oracle6,MACRO,,,,,,29.418996109232683,,
CV27,303,APPENDED_FROZEN_TEXT_INFORMATION,macro WER percent,Text,MACRO,,,,,,34.51124913270059,,
CV27,303,APPENDED_FROZEN_TEXT_INFORMATION,macro WER percent,Text+Global,MACRO,,,,,,34.50134984266235,,
DEV,101,APPENDED_FROZEN_TEXT_INFORMATION,seconds,SHARED_CPU_PANEL,ALL,,,,,,,selection_wall_seconds,0.9917305493727326
DEV,101,APPENDED_FROZEN_TEXT_INFORMATION,seconds,SHARED_CPU_PANEL,ALL,,,,,,,selection_process_CPU_seconds,1.048426119
DEV,101,APPENDED_FROZEN_TEXT_INFORMATION,seconds,SHARED_CPU_PANEL,ALL,,,,,,,evaluation_wall_seconds,3.8851866954937577
DEV,101,APPENDED_FROZEN_TEXT_INFORMATION,seconds,SHARED_CPU_PANEL,ALL,,,,,,,evaluation_process_CPU_seconds,3.885027824000005
DEV,202,APPENDED_FROZEN_TEXT_INFORMATION,seconds,SHARED_CPU_PANEL,ALL,,,,,,,selection_wall_seconds,0.9944836217910051
DEV,202,APPENDED_FROZEN_TEXT_INFORMATION,seconds,SHARED_CPU_PANEL,ALL,,,,,,,selection_process_CPU_seconds,0.9944578329999998
DEV,202,APPENDED_FROZEN_TEXT_INFORMATION,seconds,SHARED_CPU_PANEL,ALL,,,,,,,evaluation_wall_seconds,3.853570220991969
DEV,202,APPENDED_FROZEN_TEXT_INFORMATION,seconds,SHARED_CPU_PANEL,ALL,,,,,,,evaluation_process_CPU_seconds,3.8533764490000095
DEV,303,APPENDED_FROZEN_TEXT_INFORMATION,seconds,SHARED_CPU_PANEL,ALL,,,,,,,selection_wall_seconds,0.9860163843259215
DEV,303,APPENDED_FROZEN_TEXT_INFORMATION,seconds,SHARED_CPU_PANEL,ALL,,,,,,,selection_process_CPU_seconds,0.985942289
DEV,303,APPENDED_FROZEN_TEXT_INFORMATION,seconds,SHARED_CPU_PANEL,ALL,,,,,,,evaluation_wall_seconds,3.868326349183917
DEV,303,APPENDED_FROZEN_TEXT_INFORMATION,seconds,SHARED_CPU_PANEL,ALL,,,,,,,evaluation_process_CPU_seconds,3.8682234369999975
TEST,101,APPENDED_FROZEN_TEXT_INFORMATION,seconds,SHARED_CPU_PANEL,ALL,,,,,,,selection_wall_seconds,2.0903393737971783
TEST,101,APPENDED_FROZEN_TEXT_INFORMATION,seconds,SHARED_CPU_PANEL,ALL,,,,,,,selection_process_CPU_seconds,2.0902459589999998
TEST,101,APPENDED_FROZEN_TEXT_INFORMATION,seconds,SHARED_CPU_PANEL,ALL,,,,,,,evaluation_wall_seconds,8.910368517041206
TEST,101,APPENDED_FROZEN_TEXT_INFORMATION,seconds,SHARED_CPU_PANEL,ALL,,,,,,,evaluation_process_CPU_seconds,8.910002205000012
TEST,202,APPENDED_FROZEN_TEXT_INFORMATION,seconds,SHARED_CPU_PANEL,ALL,,,,,,,selection_wall_seconds,2.1292061852291226
TEST,202,APPENDED_FROZEN_TEXT_INFORMATION,seconds,SHARED_CPU_PANEL,ALL,,,,,,,selection_process_CPU_seconds,2.129033347
TEST,202,APPENDED_FROZEN_TEXT_INFORMATION,seconds,SHARED_CPU_PANEL,ALL,,,,,,,evaluation_wall_seconds,8.88661519344896
TEST,202,APPENDED_FROZEN_TEXT_INFORMATION,seconds,SHARED_CPU_PANEL,ALL,,,,,,,evaluation_process_CPU_seconds,8.886260022000002
TEST,303,APPENDED_FROZEN_TEXT_INFORMATION,seconds,SHARED_CPU_PANEL,ALL,,,,,,,selection_wall_seconds,2.1392324697226286
TEST,303,APPENDED_FROZEN_TEXT_INFORMATION,seconds,SHARED_CPU_PANEL,ALL,,,,,,,selection_process_CPU_seconds,2.139042797
TEST,303,APPENDED_FROZEN_TEXT_INFORMATION,seconds,SHARED_CPU_PANEL,ALL,,,,,,,evaluation_wall_seconds,8.864771875552833
TEST,303,APPENDED_FROZEN_TEXT_INFORMATION,seconds,SHARED_CPU_PANEL,ALL,,,,,,,evaluation_process_CPU_seconds,8.864332468
CV27,101,APPENDED_FROZEN_TEXT_INFORMATION,seconds,SHARED_CPU_PANEL,ALL,,,,,,,selection_wall_seconds,24.421227170154452
CV27,101,APPENDED_FROZEN_TEXT_INFORMATION,seconds,SHARED_CPU_PANEL,ALL,,,,,,,selection_process_CPU_seconds,24.419139232999996
CV27,101,APPENDED_FROZEN_TEXT_INFORMATION,seconds,SHARED_CPU_PANEL,ALL,,,,,,,evaluation_wall_seconds,38.12058582901955
CV27,101,APPENDED_FROZEN_TEXT_INFORMATION,seconds,SHARED_CPU_PANEL,ALL,,,,,,,evaluation_process_CPU_seconds,38.08363136
CV27,202,APPENDED_FROZEN_TEXT_INFORMATION,seconds,SHARED_CPU_PANEL,ALL,,,,,,,selection_wall_seconds,23.672145859338343
CV27,202,APPENDED_FROZEN_TEXT_INFORMATION,seconds,SHARED_CPU_PANEL,ALL,,,,,,,selection_process_CPU_seconds,23.669878583999996
CV27,202,APPENDED_FROZEN_TEXT_INFORMATION,seconds,SHARED_CPU_PANEL,ALL,,,,,,,evaluation_wall_seconds,37.85087755974382
CV27,202,APPENDED_FROZEN_TEXT_INFORMATION,seconds,SHARED_CPU_PANEL,ALL,,,,,,,evaluation_process_CPU_seconds,37.845774344999995
CV27,303,APPENDED_FROZEN_TEXT_INFORMATION,seconds,SHARED_CPU_PANEL,ALL,,,,,,,selection_wall_seconds,24.130053407512605
CV27,303,APPENDED_FROZEN_TEXT_INFORMATION,seconds,SHARED_CPU_PANEL,ALL,,,,,,,selection_process_CPU_seconds,24.127548280000006
CV27,303,APPENDED_FROZEN_TEXT_INFORMATION,seconds,SHARED_CPU_PANEL,ALL,,,,,,,evaluation_wall_seconds,37.67546714004129
CV27,303,APPENDED_FROZEN_TEXT_INFORMATION,seconds,SHARED_CPU_PANEL,ALL,,,,,,,evaluation_process_CPU_seconds,37.647376568
ALL,ALL,APPENDED_FROZEN_TEXT_INFORMATION,seconds,CPU_PIPELINE,ALL,,,,,,,wall_seconds,235.35243497602642
ALL,ALL,APPENDED_FROZEN_TEXT_INFORMATION,seconds,CPU_PIPELINE,ALL,,,,,,,process_CPU_seconds,235.431843071
TRAIN_FIT,101,APPENDED_FROZEN_TEXT_INFORMATION,seconds,TWO_RIDGE_FITS,ALL,,,,,,,CPU_wall_seconds,4.009484731592238
